flawed_sentence,corrected_sentence,difficulty_flawed,difficulty_corrected
He dont knows the answer jf44-5.,He doesn't know the answer jf44-5.,beginner,advanced
He dont knows the answer jf47-5.,He doesn't know the answer jf47-5.,beginner,advanced
She dont like coffee jf29-1.,She doesn't like coffee jf29-1.,beginner,advanced
She can sings well jf20-10.,She can sing well jf20-10.,beginner,advanced
They enjoys the movie jf57-13.,They enjoy the movie jf57-13.,beginner,advanced
They was happy yesterday jf15-2.,They were happy yesterday jf15-2.,beginner,advanced
She dont like coffee jf57-1.,She doesn't like coffee jf57-1.,beginner,advanced
I has a dog jf22-3.,I have a dog jf22-3.,beginner,advanced
She have went to Paris jf2-6.,She has gone to Paris jf2-6.,beginner,advanced
They was happy yesterday jf0-2.,They were happy yesterday jf0-2.,beginner,advanced
He walk to school everyday jf24-12.,He walks to school every day jf24-12.,beginner,advanced
I am agree with you jf27-14.,I agree with you jf27-14.,beginner,advanced
She have went to Paris jf43-6.,She has gone to Paris jf43-6.,beginner,advanced
He dont knows the answer jf25-5.,He doesn't know the answer jf25-5.,beginner,advanced
Me and him goes there jf47-9.,He and I go there jf47-9.,beginner,advanced
She have went to Paris jf24-6.,She has gone to Paris jf24-6.,beginner,advanced
Me and him goes there jf34-9.,He and I go there jf34-9.,beginner,advanced
She have went to Paris jf53-6.,She has gone to Paris jf53-6.,beginner,advanced
They was happy yesterday jf58-2.,They were happy yesterday jf58-2.,beginner,advanced
I am agree with you jf8-14.,I agree with you jf8-14.,beginner,advanced
We was going home jf24-4.,We were going home jf24-4.,beginner,advanced
He walk to school everyday jf57-12.,He walks to school every day jf57-12.,beginner,advanced
He dont knows the answer jf6-5.,He doesn't know the answer jf6-5.,beginner,advanced
He walk to school everyday jf8-12.,He walks to school every day jf8-12.,beginner,advanced
We was going home jf15-4.,We were going home jf15-4.,beginner,advanced
He go to store jf0-0.,He goes to the store jf0-0.,beginner,advanced
Me and him goes there jf26-9.,He and I go there jf26-9.,beginner,advanced
He walk to school everyday jf12-12.,He walks to school every day jf12-12.,beginner,advanced
I has a dog jf55-3.,I have a dog jf55-3.,beginner,advanced
We was going home jf44-4.,We were going home jf44-4.,beginner,advanced
He dont knows the answer jf30-5.,He doesn't know the answer jf30-5.,beginner,advanced
There is many books jf54-11.,There are many books jf54-11.,beginner,advanced
She can sings well jf56-10.,She can sing well jf56-10.,beginner,advanced
She have went to Paris jf12-6.,She has gone to Paris jf12-6.,beginner,advanced
There is many books jf40-11.,There are many books jf40-11.,beginner,advanced
Me and him goes there jf10-9.,He and I go there jf10-9.,beginner,advanced
There is many books jf7-11.,There are many books jf7-11.,beginner,advanced
She have went to Paris jf25-6.,She has gone to Paris jf25-6.,beginner,advanced
I am agree with you jf18-14.,I agree with you jf18-14.,beginner,advanced
The childrens are playing jf4-7.,The children are playing jf4-7.,beginner,advanced
They enjoys the movie jf20-13.,They enjoy the movie jf20-13.,beginner,advanced
He go to store jf30-0.,He goes to the store jf30-0.,beginner,advanced
They was happy yesterday jf42-2.,They were happy yesterday jf42-2.,beginner,advanced
He dont knows the answer jf21-5.,He doesn't know the answer jf21-5.,beginner,advanced
I am agree with you jf13-14.,I agree with you jf13-14.,beginner,advanced
We was going home jf35-4.,We were going home jf35-4.,beginner,advanced
We was going home jf30-4.,We were going home jf30-4.,beginner,advanced
She can sings well jf35-10.,She can sing well jf35-10.,beginner,advanced
The childrens are playing jf49-7.,The children are playing jf49-7.,beginner,advanced
We was going home jf23-4.,We were going home jf23-4.,beginner,advanced
We was going home jf17-4.,We were going home jf17-4.,beginner,advanced
He walk to school everyday jf9-12.,He walks to school every day jf9-12.,beginner,advanced
They enjoys the movie jf9-13.,They enjoy the movie jf9-13.,beginner,advanced
The childrens are playing jf13-7.,The children are playing jf13-7.,beginner,advanced
I am agree with you jf24-14.,I agree with you jf24-14.,beginner,advanced
He walk to school everyday jf52-12.,He walks to school every day jf52-12.,beginner,advanced
I am agree with you jf2-14.,I agree with you jf2-14.,beginner,advanced
He walk to school everyday jf20-12.,He walks to school every day jf20-12.,beginner,advanced
He walk to school everyday jf56-12.,He walks to school every day jf56-12.,beginner,advanced
I am agree with you jf21-14.,I agree with you jf21-14.,beginner,advanced
I has a dog jf48-3.,I have a dog jf48-3.,beginner,advanced
She can sings well jf1-10.,She can sing well jf1-10.,beginner,advanced
He walk to school everyday jf30-12.,He walks to school every day jf30-12.,beginner,advanced
I am agree with you jf49-14.,I agree with you jf49-14.,beginner,advanced
She have went to Paris jf4-6.,She has gone to Paris jf4-6.,beginner,advanced
They enjoys the movie jf39-13.,They enjoy the movie jf39-13.,beginner,advanced
It are raining outside jf47-8.,It is raining outside jf47-8.,beginner,advanced
They enjoys the movie jf26-13.,They enjoy the movie jf26-13.,beginner,advanced
He walk to school everyday jf0-12.,He walks to school every day jf0-12.,beginner,advanced
We was going home jf10-4.,We were going home jf10-4.,beginner,advanced
She can sings well jf42-10.,She can sing well jf42-10.,beginner,advanced
She can sings well jf3-10.,She can sing well jf3-10.,beginner,advanced
It are raining outside jf11-8.,It is raining outside jf11-8.,beginner,advanced
I am agree with you jf5-14.,I agree with you jf5-14.,beginner,advanced
He walk to school everyday jf4-12.,He walks to school every day jf4-12.,beginner,advanced
I am agree with you jf50-14.,I agree with you jf50-14.,beginner,advanced
She have went to Paris jf47-6.,She has gone to Paris jf47-6.,beginner,advanced
They was happy yesterday jf23-2.,They were happy yesterday jf23-2.,beginner,advanced
She dont like coffee jf2-1.,She doesn't like coffee jf2-1.,beginner,advanced
They enjoys the movie jf0-13.,They enjoy the movie jf0-13.,beginner,advanced
She can sings well jf0-10.,She can sing well jf0-10.,beginner,advanced
She can sings well jf47-10.,She can sing well jf47-10.,beginner,advanced
It are raining outside jf14-8.,It is raining outside jf14-8.,beginner,advanced
The childrens are playing jf8-7.,The children are playing jf8-7.,beginner,advanced
She dont like coffee jf20-1.,She doesn't like coffee jf20-1.,beginner,advanced
He dont knows the answer jf14-5.,He doesn't know the answer jf14-5.,beginner,advanced
It are raining outside jf51-8.,It is raining outside jf51-8.,beginner,advanced
He go to store jf11-0.,He goes to the store jf11-0.,beginner,advanced
There is many books jf17-11.,There are many books jf17-11.,beginner,advanced
It are raining outside jf8-8.,It is raining outside jf8-8.,beginner,advanced
She can sings well jf31-10.,She can sing well jf31-10.,beginner,advanced
He dont knows the answer jf45-5.,He doesn't know the answer jf45-5.,beginner,advanced
She can sings well jf9-10.,She can sing well jf9-10.,beginner,advanced
I am agree with you jf35-14.,I agree with you jf35-14.,beginner,advanced
We was going home jf51-4.,We were going home jf51-4.,beginner,advanced
He dont knows the answer jf50-5.,He doesn't know the answer jf50-5.,beginner,advanced
He go to store jf22-0.,He goes to the store jf22-0.,beginner,advanced
Me and him goes there jf55-9.,He and I go there jf55-9.,beginner,advanced
There is many books jf49-11.,There are many books jf49-11.,beginner,advanced
He go to store jf10-0.,He goes to the store jf10-0.,beginner,advanced
He go to store jf37-0.,He goes to the store jf37-0.,beginner,advanced
He walk to school everyday jf53-12.,He walks to school every day jf53-12.,beginner,advanced
She have went to Paris jf17-6.,She has gone to Paris jf17-6.,beginner,advanced
It are raining outside jf27-8.,It is raining outside jf27-8.,beginner,advanced
I has a dog jf58-3.,I have a dog jf58-3.,beginner,advanced
I has a dog jf29-3.,I have a dog jf29-3.,beginner,advanced
I has a dog jf35-3.,I have a dog jf35-3.,beginner,advanced
They enjoys the movie jf59-13.,They enjoy the movie jf59-13.,beginner,advanced
She can sings well jf48-10.,She can sing well jf48-10.,beginner,advanced
They was happy yesterday jf45-2.,They were happy yesterday jf45-2.,beginner,advanced
He dont knows the answer jf19-5.,He doesn't know the answer jf19-5.,beginner,advanced
She can sings well jf13-10.,She can sing well jf13-10.,beginner,advanced
He dont knows the answer jf54-5.,He doesn't know the answer jf54-5.,beginner,advanced
She dont like coffee jf51-1.,She doesn't like coffee jf51-1.,beginner,advanced
They was happy yesterday jf44-2.,They were happy yesterday jf44-2.,beginner,advanced
There is many books jf28-11.,There are many books jf28-11.,beginner,advanced
They was happy yesterday jf51-2.,They were happy yesterday jf51-2.,beginner,advanced
We was going home jf41-4.,We were going home jf41-4.,beginner,advanced
He go to store jf41-0.,He goes to the store jf41-0.,beginner,advanced
She have went to Paris jf13-6.,She has gone to Paris jf13-6.,beginner,advanced
He walk to school everyday jf40-12.,He walks to school every day jf40-12.,beginner,advanced
I am agree with you jf52-14.,I agree with you jf52-14.,beginner,advanced
It are raining outside jf38-8.,It is raining outside jf38-8.,beginner,advanced
She have went to Paris jf14-6.,She has gone to Paris jf14-6.,beginner,advanced
She have went to Paris jf11-6.,She has gone to Paris jf11-6.,beginner,advanced
Me and him goes there jf58-9.,He and I go there jf58-9.,beginner,advanced
I has a dog jf41-3.,I have a dog jf41-3.,beginner,advanced
She dont like coffee jf40-1.,She doesn't like coffee jf40-1.,beginner,advanced
They was happy yesterday jf34-2.,They were happy yesterday jf34-2.,beginner,advanced
It are raining outside jf41-8.,It is raining outside jf41-8.,beginner,advanced
The childrens are playing jf41-7.,The children are playing jf41-7.,beginner,advanced
She can sings well jf26-10.,She can sing well jf26-10.,beginner,advanced
It are raining outside jf21-8.,It is raining outside jf21-8.,beginner,advanced
She dont like coffee jf23-1.,She doesn't like coffee jf23-1.,beginner,advanced
I has a dog jf40-3.,I have a dog jf40-3.,beginner,advanced
The childrens are playing jf12-7.,The children are playing jf12-7.,beginner,advanced
He dont knows the answer jf42-5.,He doesn't know the answer jf42-5.,beginner,advanced
I am agree with you jf37-14.,I agree with you jf37-14.,beginner,advanced
I am agree with you jf43-14.,I agree with you jf43-14.,beginner,advanced
I am agree with you jf44-14.,I agree with you jf44-14.,beginner,advanced
She can sings well jf37-10.,She can sing well jf37-10.,beginner,advanced
He dont knows the answer jf53-5.,He doesn't know the answer jf53-5.,beginner,advanced
He dont knows the answer jf29-5.,He doesn't know the answer jf29-5.,beginner,advanced
I am agree with you jf51-14.,I agree with you jf51-14.,beginner,advanced
He walk to school everyday jf38-12.,He walks to school every day jf38-12.,beginner,advanced
We was going home jf16-4.,We were going home jf16-4.,beginner,advanced
She have went to Paris jf48-6.,She has gone to Paris jf48-6.,beginner,advanced
I has a dog jf42-3.,I have a dog jf42-3.,beginner,advanced
I has a dog jf26-3.,I have a dog jf26-3.,beginner,advanced
She can sings well jf58-10.,She can sing well jf58-10.,beginner,advanced
Me and him goes there jf5-9.,He and I go there jf5-9.,beginner,advanced
They enjoys the movie jf19-13.,They enjoy the movie jf19-13.,beginner,advanced
She can sings well jf5-10.,She can sing well jf5-10.,beginner,advanced
There is many books jf6-11.,There are many books jf6-11.,beginner,advanced
He walk to school everyday jf28-12.,He walks to school every day jf28-12.,beginner,advanced
They enjoys the movie jf11-13.,They enjoy the movie jf11-13.,beginner,advanced
It are raining outside jf29-8.,It is raining outside jf29-8.,beginner,advanced
Me and him goes there jf53-9.,He and I go there jf53-9.,beginner,advanced
She have went to Paris jf26-6.,She has gone to Paris jf26-6.,beginner,advanced
Me and him goes there jf17-9.,He and I go there jf17-9.,beginner,advanced
I has a dog jf39-3.,I have a dog jf39-3.,beginner,advanced
He walk to school everyday jf32-12.,He walks to school every day jf32-12.,beginner,advanced
There is many books jf11-11.,There are many books jf11-11.,beginner,advanced
There is many books jf50-11.,There are many books jf50-11.,beginner,advanced
The childrens are playing jf33-7.,The children are playing jf33-7.,beginner,advanced
We was going home jf4-4.,We were going home jf4-4.,beginner,advanced
The childrens are playing jf14-7.,The children are playing jf14-7.,beginner,advanced
It are raining outside jf58-8.,It is raining outside jf58-8.,beginner,advanced
Me and him goes there jf39-9.,He and I go there jf39-9.,beginner,advanced
He walk to school everyday jf21-12.,He walks to school every day jf21-12.,beginner,advanced
They was happy yesterday jf7-2.,They were happy yesterday jf7-2.,beginner,advanced
I has a dog jf24-3.,I have a dog jf24-3.,beginner,advanced
Me and him goes there jf54-9.,He and I go there jf54-9.,beginner,advanced
We was going home jf49-4.,We were going home jf49-4.,beginner,advanced
They was happy yesterday jf27-2.,They were happy yesterday jf27-2.,beginner,advanced
She have went to Paris jf33-6.,She has gone to Paris jf33-6.,beginner,advanced
She have went to Paris jf8-6.,She has gone to Paris jf8-6.,beginner,advanced
I am agree with you jf34-14.,I agree with you jf34-14.,beginner,advanced
I am agree with you jf23-14.,I agree with you jf23-14.,beginner,advanced
She can sings well jf23-10.,She can sing well jf23-10.,beginner,advanced
He dont knows the answer jf2-5.,He doesn't know the answer jf2-5.,beginner,advanced
He dont knows the answer jf58-5.,He doesn't know the answer jf58-5.,beginner,advanced
There is many books jf51-11.,There are many books jf51-11.,beginner,advanced
She can sings well jf11-10.,She can sing well jf11-10.,beginner,advanced
It are raining outside jf53-8.,It is raining outside jf53-8.,beginner,advanced
I has a dog jf27-3.,I have a dog jf27-3.,beginner,advanced
There is many books jf45-11.,There are many books jf45-11.,beginner,advanced
She dont like coffee jf41-1.,She doesn't like coffee jf41-1.,beginner,advanced
They was happy yesterday jf33-2.,They were happy yesterday jf33-2.,beginner,advanced
He dont knows the answer jf12-5.,He doesn't know the answer jf12-5.,beginner,advanced
Me and him goes there jf15-9.,He and I go there jf15-9.,beginner,advanced
He go to store jf15-0.,He goes to the store jf15-0.,beginner,advanced
He go to store jf7-0.,He goes to the store jf7-0.,beginner,advanced
She have went to Paris jf46-6.,She has gone to Paris jf46-6.,beginner,advanced
She dont like coffee jf43-1.,She doesn't like coffee jf43-1.,beginner,advanced
She can sings well jf21-10.,She can sing well jf21-10.,beginner,advanced
She have went to Paris jf22-6.,She has gone to Paris jf22-6.,beginner,advanced
He dont knows the answer jf18-5.,He doesn't know the answer jf18-5.,beginner,advanced
He walk to school everyday jf35-12.,He walks to school every day jf35-12.,beginner,advanced
There is many books jf14-11.,There are many books jf14-11.,beginner,advanced
They enjoys the movie jf38-13.,They enjoy the movie jf38-13.,beginner,advanced
He go to store jf6-0.,He goes to the store jf6-0.,beginner,advanced
He go to store jf55-0.,He goes to the store jf55-0.,beginner,advanced
She can sings well jf22-10.,She can sing well jf22-10.,beginner,advanced
We was going home jf14-4.,We were going home jf14-4.,beginner,advanced
They enjoys the movie jf54-13.,They enjoy the movie jf54-13.,beginner,advanced
He go to store jf58-0.,He goes to the store jf58-0.,beginner,advanced
She dont like coffee jf58-1.,She doesn't like coffee jf58-1.,beginner,advanced
The childrens are playing jf9-7.,The children are playing jf9-7.,beginner,advanced
It are raining outside jf42-8.,It is raining outside jf42-8.,beginner,advanced
He go to store jf52-0.,He goes to the store jf52-0.,beginner,advanced
I has a dog jf23-3.,I have a dog jf23-3.,beginner,advanced
It are raining outside jf40-8.,It is raining outside jf40-8.,beginner,advanced
I has a dog jf2-3.,I have a dog jf2-3.,beginner,advanced
They was happy yesterday jf53-2.,They were happy yesterday jf53-2.,beginner,advanced
Me and him goes there jf4-9.,He and I go there jf4-9.,beginner,advanced
She have went to Paris jf20-6.,She has gone to Paris jf20-6.,beginner,advanced
It are raining outside jf52-8.,It is raining outside jf52-8.,beginner,advanced
It are raining outside jf33-8.,It is raining outside jf33-8.,beginner,advanced
There is many books jf26-11.,There are many books jf26-11.,beginner,advanced
She dont like coffee jf0-1.,She doesn't like coffee jf0-1.,beginner,advanced
We was going home jf33-4.,We were going home jf33-4.,beginner,advanced
She can sings well jf17-10.,She can sing well jf17-10.,beginner,advanced
They was happy yesterday jf6-2.,They were happy yesterday jf6-2.,beginner,advanced
She have went to Paris jf5-6.,She has gone to Paris jf5-6.,beginner,advanced
Me and him goes there jf6-9.,He and I go there jf6-9.,beginner,advanced
He walk to school everyday jf27-12.,He walks to school every day jf27-12.,beginner,advanced
The childrens are playing jf15-7.,The children are playing jf15-7.,beginner,advanced
He walk to school everyday jf10-12.,He walks to school every day jf10-12.,beginner,advanced
He dont knows the answer jf13-5.,He doesn't know the answer jf13-5.,beginner,advanced
There is many books jf15-11.,There are many books jf15-11.,beginner,advanced
They was happy yesterday jf55-2.,They were happy yesterday jf55-2.,beginner,advanced
She have went to Paris jf18-6.,She has gone to Paris jf18-6.,beginner,advanced
They enjoys the movie jf32-13.,They enjoy the movie jf32-13.,beginner,advanced
They enjoys the movie jf41-13.,They enjoy the movie jf41-13.,beginner,advanced
I has a dog jf1-3.,I have a dog jf1-3.,beginner,advanced
They enjoys the movie jf40-13.,They enjoy the movie jf40-13.,beginner,advanced
The childrens are playing jf42-7.,The children are playing jf42-7.,beginner,advanced
She have went to Paris jf50-6.,She has gone to Paris jf50-6.,beginner,advanced
He go to store jf5-0.,He goes to the store jf5-0.,beginner,advanced
The childrens are playing jf56-7.,The children are playing jf56-7.,beginner,advanced
He go to store jf47-0.,He goes to the store jf47-0.,beginner,advanced
She can sings well jf57-10.,She can sing well jf57-10.,beginner,advanced
He walk to school everyday jf41-12.,He walks to school every day jf41-12.,beginner,advanced
There is many books jf47-11.,There are many books jf47-11.,beginner,advanced
She can sings well jf53-10.,She can sing well jf53-10.,beginner,advanced
She have went to Paris jf40-6.,She has gone to Paris jf40-6.,beginner,advanced
She have went to Paris jf37-6.,She has gone to Paris jf37-6.,beginner,advanced
He dont knows the answer jf7-5.,He doesn't know the answer jf7-5.,beginner,advanced
I am agree with you jf40-14.,I agree with you jf40-14.,beginner,advanced
She dont like coffee jf28-1.,She doesn't like coffee jf28-1.,beginner,advanced
We was going home jf59-4.,We were going home jf59-4.,beginner,advanced
We was going home jf55-4.,We were going home jf55-4.,beginner,advanced
They enjoys the movie jf3-13.,They enjoy the movie jf3-13.,beginner,advanced
He dont knows the answer jf26-5.,He doesn't know the answer jf26-5.,beginner,advanced
She dont like coffee jf34-1.,She doesn't like coffee jf34-1.,beginner,advanced
We was going home jf9-4.,We were going home jf9-4.,beginner,advanced
He go to store jf1-0.,He goes to the store jf1-0.,beginner,advanced
They was happy yesterday jf11-2.,They were happy yesterday jf11-2.,beginner,advanced
They enjoys the movie jf24-13.,They enjoy the movie jf24-13.,beginner,advanced
She can sings well jf59-10.,She can sing well jf59-10.,beginner,advanced
There is many books jf30-11.,There are many books jf30-11.,beginner,advanced
She dont like coffee jf24-1.,She doesn't like coffee jf24-1.,beginner,advanced
We was going home jf40-4.,We were going home jf40-4.,beginner,advanced
They enjoys the movie jf31-13.,They enjoy the movie jf31-13.,beginner,advanced
He walk to school everyday jf1-12.,He walks to school every day jf1-12.,beginner,advanced
There is many books jf56-11.,There are many books jf56-11.,beginner,advanced
She dont like coffee jf17-1.,She doesn't like coffee jf17-1.,beginner,advanced
The childrens are playing jf50-7.,The children are playing jf50-7.,beginner,advanced
I am agree with you jf57-14.,I agree with you jf57-14.,beginner,advanced
She can sings well jf55-10.,She can sing well jf55-10.,beginner,advanced
The childrens are playing jf40-7.,The children are playing jf40-7.,beginner,advanced
We was going home jf13-4.,We were going home jf13-4.,beginner,advanced
She have went to Paris jf23-6.,She has gone to Paris jf23-6.,beginner,advanced
He go to store jf43-0.,He goes to the store jf43-0.,beginner,advanced
There is many books jf20-11.,There are many books jf20-11.,beginner,advanced
Me and him goes there jf2-9.,He and I go there jf2-9.,beginner,advanced
We was going home jf21-4.,We were going home jf21-4.,beginner,advanced
Me and him goes there jf33-9.,He and I go there jf33-9.,beginner,advanced
It are raining outside jf30-8.,It is raining outside jf30-8.,beginner,advanced
We was going home jf22-4.,We were going home jf22-4.,beginner,advanced
He walk to school everyday jf50-12.,He walks to school every day jf50-12.,beginner,advanced
Me and him goes there jf50-9.,He and I go there jf50-9.,beginner,advanced
Me and him goes there jf29-9.,He and I go there jf29-9.,beginner,advanced
The childrens are playing jf52-7.,The children are playing jf52-7.,beginner,advanced
It are raining outside jf59-8.,It is raining outside jf59-8.,beginner,advanced
They was happy yesterday jf25-2.,They were happy yesterday jf25-2.,beginner,advanced
Me and him goes there jf27-9.,He and I go there jf27-9.,beginner,advanced
We was going home jf39-4.,We were going home jf39-4.,beginner,advanced
I has a dog jf20-3.,I have a dog jf20-3.,beginner,advanced
I has a dog jf30-3.,I have a dog jf30-3.,beginner,advanced
It are raining outside jf26-8.,It is raining outside jf26-8.,beginner,advanced
She have went to Paris jf1-6.,She has gone to Paris jf1-6.,beginner,advanced
They enjoys the movie jf55-13.,They enjoy the movie jf55-13.,beginner,advanced
There is many books jf34-11.,There are many books jf34-11.,beginner,advanced
She can sings well jf44-10.,She can sing well jf44-10.,beginner,advanced
She dont like coffee jf46-1.,She doesn't like coffee jf46-1.,beginner,advanced
He walk to school everyday jf42-12.,He walks to school every day jf42-12.,beginner,advanced
We was going home jf26-4.,We were going home jf26-4.,beginner,advanced
He walk to school everyday jf2-12.,He walks to school every day jf2-12.,beginner,advanced
He walk to school everyday jf5-12.,He walks to school every day jf5-12.,beginner,advanced
They enjoys the movie jf23-13.,They enjoy the movie jf23-13.,beginner,advanced
They enjoys the movie jf1-13.,They enjoy the movie jf1-13.,beginner,advanced
I has a dog jf16-3.,I have a dog jf16-3.,beginner,advanced
The childrens are playing jf24-7.,The children are playing jf24-7.,beginner,advanced
They enjoys the movie jf37-13.,They enjoy the movie jf37-13.,beginner,advanced
They enjoys the movie jf34-13.,They enjoy the movie jf34-13.,beginner,advanced
She can sings well jf34-10.,She can sing well jf34-10.,beginner,advanced
She dont like coffee jf32-1.,She doesn't like coffee jf32-1.,beginner,advanced
They enjoys the movie jf36-13.,They enjoy the movie jf36-13.,beginner,advanced
There is many books jf2-11.,There are many books jf2-11.,beginner,advanced
She have went to Paris jf41-6.,She has gone to Paris jf41-6.,beginner,advanced
They enjoys the movie jf33-13.,They enjoy the movie jf33-13.,beginner,advanced
There is many books jf29-11.,There are many books jf29-11.,beginner,advanced
We was going home jf19-4.,We were going home jf19-4.,beginner,advanced
They enjoys the movie jf49-13.,They enjoy the movie jf49-13.,beginner,advanced
She have went to Paris jf59-6.,She has gone to Paris jf59-6.,beginner,advanced
She have went to Paris jf42-6.,She has gone to Paris jf42-6.,beginner,advanced
She have went to Paris jf32-6.,She has gone to Paris jf32-6.,beginner,advanced
She have went to Paris jf29-6.,She has gone to Paris jf29-6.,beginner,advanced
She can sings well jf38-10.,She can sing well jf38-10.,beginner,advanced
She dont like coffee jf12-1.,She doesn't like coffee jf12-1.,beginner,advanced
Me and him goes there jf8-9.,He and I go there jf8-9.,beginner,advanced
I am agree with you jf17-14.,I agree with you jf17-14.,beginner,advanced
They was happy yesterday jf21-2.,They were happy yesterday jf21-2.,beginner,advanced
It are raining outside jf6-8.,It is raining outside jf6-8.,beginner,advanced
He go to store jf34-0.,He goes to the store jf34-0.,beginner,advanced
She dont like coffee jf5-1.,She doesn't like coffee jf5-1.,beginner,advanced
He walk to school everyday jf25-12.,He walks to school every day jf25-12.,beginner,advanced
She have went to Paris jf36-6.,She has gone to Paris jf36-6.,beginner,advanced
Me and him goes there jf3-9.,He and I go there jf3-9.,beginner,advanced
He go to store jf50-0.,He goes to the store jf50-0.,beginner,advanced
She can sings well jf14-10.,She can sing well jf14-10.,beginner,advanced
They was happy yesterday jf17-2.,They were happy yesterday jf17-2.,beginner,advanced
Me and him goes there jf22-9.,He and I go there jf22-9.,beginner,advanced
He dont knows the answer jf35-5.,He doesn't know the answer jf35-5.,beginner,advanced
He go to store jf32-0.,He goes to the store jf32-0.,beginner,advanced
He go to store jf53-0.,He goes to the store jf53-0.,beginner,advanced
I am agree with you jf32-14.,I agree with you jf32-14.,beginner,advanced
I am agree with you jf55-14.,I agree with you jf55-14.,beginner,advanced
They enjoys the movie jf45-13.,They enjoy the movie jf45-13.,beginner,advanced
They enjoys the movie jf46-13.,They enjoy the movie jf46-13.,beginner,advanced
There is many books jf33-11.,There are many books jf33-11.,beginner,advanced
They was happy yesterday jf18-2.,They were happy yesterday jf18-2.,beginner,advanced
He dont knows the answer jf24-5.,He doesn't know the answer jf24-5.,beginner,advanced
We was going home jf27-4.,We were going home jf27-4.,beginner,advanced
Me and him goes there jf16-9.,He and I go there jf16-9.,beginner,advanced
The childrens are playing jf45-7.,The children are playing jf45-7.,beginner,advanced
The childrens are playing jf16-7.,The children are playing jf16-7.,beginner,advanced
Me and him goes there jf40-9.,He and I go there jf40-9.,beginner,advanced
There is many books jf22-11.,There are many books jf22-11.,beginner,advanced
It are raining outside jf34-8.,It is raining outside jf34-8.,beginner,advanced
She dont like coffee jf21-1.,She doesn't like coffee jf21-1.,beginner,advanced
There is many books jf24-11.,There are many books jf24-11.,beginner,advanced
There is many books jf12-11.,There are many books jf12-11.,beginner,advanced
It are raining outside jf15-8.,It is raining outside jf15-8.,beginner,advanced
I has a dog jf17-3.,I have a dog jf17-3.,beginner,advanced
She can sings well jf30-10.,She can sing well jf30-10.,beginner,advanced
We was going home jf0-4.,We were going home jf0-4.,beginner,advanced
They was happy yesterday jf5-2.,They were happy yesterday jf5-2.,beginner,advanced
It are raining outside jf36-8.,It is raining outside jf36-8.,beginner,advanced
They enjoys the movie jf7-13.,They enjoy the movie jf7-13.,beginner,advanced
The childrens are playing jf21-7.,The children are playing jf21-7.,beginner,advanced
She can sings well jf39-10.,She can sing well jf39-10.,beginner,advanced
She can sings well jf50-10.,She can sing well jf50-10.,beginner,advanced
The childrens are playing jf55-7.,The children are playing jf55-7.,beginner,advanced
Me and him goes there jf1-9.,He and I go there jf1-9.,beginner,advanced
He walk to school everyday jf22-12.,He walks to school every day jf22-12.,beginner,advanced
He go to store jf49-0.,He goes to the store jf49-0.,beginner,advanced
They was happy yesterday jf1-2.,They were happy yesterday jf1-2.,beginner,advanced
They enjoys the movie jf17-13.,They enjoy the movie jf17-13.,beginner,advanced
He go to store jf2-0.,He goes to the store jf2-0.,beginner,advanced
They enjoys the movie jf29-13.,They enjoy the movie jf29-13.,beginner,advanced
We was going home jf56-4.,We were going home jf56-4.,beginner,advanced
We was going home jf6-4.,We were going home jf6-4.,beginner,advanced
Me and him goes there jf37-9.,He and I go there jf37-9.,beginner,advanced
I am agree with you jf47-14.,I agree with you jf47-14.,beginner,advanced
They enjoys the movie jf53-13.,They enjoy the movie jf53-13.,beginner,advanced
There is many books jf4-11.,There are many books jf4-11.,beginner,advanced
They was happy yesterday jf36-2.,They were happy yesterday jf36-2.,beginner,advanced
She have went to Paris jf49-6.,She has gone to Paris jf49-6.,beginner,advanced
He go to store jf25-0.,He goes to the store jf25-0.,beginner,advanced
There is many books jf5-11.,There are many books jf5-11.,beginner,advanced
They enjoys the movie jf50-13.,They enjoy the movie jf50-13.,beginner,advanced
There is many books jf16-11.,There are many books jf16-11.,beginner,advanced
I has a dog jf25-3.,I have a dog jf25-3.,beginner,advanced
It are raining outside jf35-8.,It is raining outside jf35-8.,beginner,advanced
They enjoys the movie jf30-13.,They enjoy the movie jf30-13.,beginner,advanced
Me and him goes there jf56-9.,He and I go there jf56-9.,beginner,advanced
There is many books jf8-11.,There are many books jf8-11.,beginner,advanced
The childrens are playing jf11-7.,The children are playing jf11-7.,beginner,advanced
It are raining outside jf56-8.,It is raining outside jf56-8.,beginner,advanced
They was happy yesterday jf50-2.,They were happy yesterday jf50-2.,beginner,advanced
She dont like coffee jf35-1.,She doesn't like coffee jf35-1.,beginner,advanced
He go to store jf17-0.,He goes to the store jf17-0.,beginner,advanced
He dont knows the answer jf8-5.,He doesn't know the answer jf8-5.,beginner,advanced
It are raining outside jf48-8.,It is raining outside jf48-8.,beginner,advanced
He go to store jf29-0.,He goes to the store jf29-0.,beginner,advanced
He walk to school everyday jf7-12.,He walks to school every day jf7-12.,beginner,advanced
We was going home jf52-4.,We were going home jf52-4.,beginner,advanced
She can sings well jf6-10.,She can sing well jf6-10.,beginner,advanced
I has a dog jf5-3.,I have a dog jf5-3.,beginner,advanced
They was happy yesterday jf59-2.,They were happy yesterday jf59-2.,beginner,advanced
She dont like coffee jf33-1.,She doesn't like coffee jf33-1.,beginner,advanced
He go to store jf45-0.,He goes to the store jf45-0.,beginner,advanced
We was going home jf48-4.,We were going home jf48-4.,beginner,advanced
I am agree with you jf19-14.,I agree with you jf19-14.,beginner,advanced
They enjoys the movie jf18-13.,They enjoy the movie jf18-13.,beginner,advanced
He walk to school everyday jf55-12.,He walks to school every day jf55-12.,beginner,advanced
It are raining outside jf0-8.,It is raining outside jf0-8.,beginner,advanced
They was happy yesterday jf40-2.,They were happy yesterday jf40-2.,beginner,advanced
The childrens are playing jf58-7.,The children are playing jf58-7.,beginner,advanced
It are raining outside jf7-8.,It is raining outside jf7-8.,beginner,advanced
I has a dog jf19-3.,I have a dog jf19-3.,beginner,advanced
He go to store jf38-0.,He goes to the store jf38-0.,beginner,advanced
I has a dog jf33-3.,I have a dog jf33-3.,beginner,advanced
She can sings well jf10-10.,She can sing well jf10-10.,beginner,advanced
He dont knows the answer jf43-5.,He doesn't know the answer jf43-5.,beginner,advanced
The childrens are playing jf29-7.,The children are playing jf29-7.,beginner,advanced
She dont like coffee jf45-1.,She doesn't like coffee jf45-1.,beginner,advanced
She can sings well jf43-10.,She can sing well jf43-10.,beginner,advanced
He go to store jf16-0.,He goes to the store jf16-0.,beginner,advanced
Me and him goes there jf24-9.,He and I go there jf24-9.,beginner,advanced
She dont like coffee jf31-1.,She doesn't like coffee jf31-1.,beginner,advanced
He dont knows the answer jf3-5.,He doesn't know the answer jf3-5.,beginner,advanced
I am agree with you jf33-14.,I agree with you jf33-14.,beginner,advanced
I am agree with you jf45-14.,I agree with you jf45-14.,beginner,advanced
She dont like coffee jf53-1.,She doesn't like coffee jf53-1.,beginner,advanced
He dont knows the answer jf39-5.,He doesn't know the answer jf39-5.,beginner,advanced
They enjoys the movie jf8-13.,They enjoy the movie jf8-13.,beginner,advanced
The childrens are playing jf10-7.,The children are playing jf10-7.,beginner,advanced
I has a dog jf12-3.,I have a dog jf12-3.,beginner,advanced
They was happy yesterday jf57-2.,They were happy yesterday jf57-2.,beginner,advanced
It are raining outside jf45-8.,It is raining outside jf45-8.,beginner,advanced
Me and him goes there jf51-9.,He and I go there jf51-9.,beginner,advanced
I am agree with you jf12-14.,I agree with you jf12-14.,beginner,advanced
Me and him goes there jf9-9.,He and I go there jf9-9.,beginner,advanced
The childrens are playing jf26-7.,The children are playing jf26-7.,beginner,advanced
I am agree with you jf10-14.,I agree with you jf10-14.,beginner,advanced
I has a dog jf37-3.,I have a dog jf37-3.,beginner,advanced
They was happy yesterday jf8-2.,They were happy yesterday jf8-2.,beginner,advanced
It are raining outside jf13-8.,It is raining outside jf13-8.,beginner,advanced
He walk to school everyday jf43-12.,He walks to school every day jf43-12.,beginner,advanced
He go to store jf24-0.,He goes to the store jf24-0.,beginner,advanced
He dont knows the answer jf32-5.,He doesn't know the answer jf32-5.,beginner,advanced
Me and him goes there jf38-9.,He and I go there jf38-9.,beginner,advanced
She can sings well jf54-10.,She can sing well jf54-10.,beginner,advanced
He go to store jf39-0.,He goes to the store jf39-0.,beginner,advanced
I am agree with you jf38-14.,I agree with you jf38-14.,beginner,advanced
She can sings well jf51-10.,She can sing well jf51-10.,beginner,advanced
She dont like coffee jf50-1.,She doesn't like coffee jf50-1.,beginner,advanced
We was going home jf25-4.,We were going home jf25-4.,beginner,advanced
He walk to school everyday jf31-12.,He walks to school every day jf31-12.,beginner,advanced
I has a dog jf7-3.,I have a dog jf7-3.,beginner,advanced
The childrens are playing jf0-7.,The children are playing jf0-7.,beginner,advanced
We was going home jf58-4.,We were going home jf58-4.,beginner,advanced
He dont knows the answer jf11-5.,He doesn't know the answer jf11-5.,beginner,advanced
She can sings well jf29-10.,She can sing well jf29-10.,beginner,advanced
She dont like coffee jf7-1.,She doesn't like coffee jf7-1.,beginner,advanced
She dont like coffee jf52-1.,She doesn't like coffee jf52-1.,beginner,advanced
He dont knows the answer jf52-5.,He doesn't know the answer jf52-5.,beginner,advanced
She dont like coffee jf19-1.,She doesn't like coffee jf19-1.,beginner,advanced
Me and him goes there jf48-9.,He and I go there jf48-9.,beginner,advanced
He go to store jf48-0.,He goes to the store jf48-0.,beginner,advanced
He go to store jf20-0.,He goes to the store jf20-0.,beginner,advanced
I has a dog jf59-3.,I have a dog jf59-3.,beginner,advanced
He walk to school everyday jf51-12.,He walks to school every day jf51-12.,beginner,advanced
She have went to Paris jf6-6.,She has gone to Paris jf6-6.,beginner,advanced
She can sings well jf49-10.,She can sing well jf49-10.,beginner,advanced
He walk to school everyday jf29-12.,He walks to school every day jf29-12.,beginner,advanced
He dont knows the answer jf1-5.,He doesn't know the answer jf1-5.,beginner,advanced
It are raining outside jf20-8.,It is raining outside jf20-8.,beginner,advanced
He dont knows the answer jf57-5.,He doesn't know the answer jf57-5.,beginner,advanced
I am agree with you jf22-14.,I agree with you jf22-14.,beginner,advanced
He walk to school everyday jf37-12.,He walks to school every day jf37-12.,beginner,advanced
The childrens are playing jf57-7.,The children are playing jf57-7.,beginner,advanced
There is many books jf1-11.,There are many books jf1-11.,beginner,advanced
We was going home jf46-4.,We were going home jf46-4.,beginner,advanced
We was going home jf28-4.,We were going home jf28-4.,beginner,advanced
There is many books jf42-11.,There are many books jf42-11.,beginner,advanced
We was going home jf18-4.,We were going home jf18-4.,beginner,advanced
They was happy yesterday jf3-2.,They were happy yesterday jf3-2.,beginner,advanced
I has a dog jf46-3.,I have a dog jf46-3.,beginner,advanced
They was happy yesterday jf52-2.,They were happy yesterday jf52-2.,beginner,advanced
He dont knows the answer jf55-5.,He doesn't know the answer jf55-5.,beginner,advanced
The childrens are playing jf31-7.,The children are playing jf31-7.,beginner,advanced
She can sings well jf2-10.,She can sing well jf2-10.,beginner,advanced
I am agree with you jf54-14.,I agree with you jf54-14.,beginner,advanced
We was going home jf11-4.,We were going home jf11-4.,beginner,advanced
I am agree with you jf6-14.,I agree with you jf6-14.,beginner,advanced
It are raining outside jf54-8.,It is raining outside jf54-8.,beginner,advanced
I has a dog jf54-3.,I have a dog jf54-3.,beginner,advanced
I has a dog jf13-3.,I have a dog jf13-3.,beginner,advanced
She have went to Paris jf38-6.,She has gone to Paris jf38-6.,beginner,advanced
She dont like coffee jf18-1.,She doesn't like coffee jf18-1.,beginner,advanced
It are raining outside jf55-8.,It is raining outside jf55-8.,beginner,advanced
I has a dog jf14-3.,I have a dog jf14-3.,beginner,advanced
There is many books jf55-11.,There are many books jf55-11.,beginner,advanced
There is many books jf53-11.,There are many books jf53-11.,beginner,advanced
They was happy yesterday jf19-2.,They were happy yesterday jf19-2.,beginner,advanced
I am agree with you jf1-14.,I agree with you jf1-14.,beginner,advanced
I has a dog jf31-3.,I have a dog jf31-3.,beginner,advanced
He walk to school everyday jf49-12.,He walks to school every day jf49-12.,beginner,advanced
The childrens are playing jf27-7.,The children are playing jf27-7.,beginner,advanced
They enjoys the movie jf4-13.,They enjoy the movie jf4-13.,beginner,advanced
She have went to Paris jf56-6.,She has gone to Paris jf56-6.,beginner,advanced
We was going home jf29-4.,We were going home jf29-4.,beginner,advanced
She dont like coffee jf42-1.,She doesn't like coffee jf42-1.,beginner,advanced
He dont knows the answer jf48-5.,He doesn't know the answer jf48-5.,beginner,advanced
There is many books jf37-11.,There are many books jf37-11.,beginner,advanced
I has a dog jf8-3.,I have a dog jf8-3.,beginner,advanced
We was going home jf32-4.,We were going home jf32-4.,beginner,advanced
It are raining outside jf12-8.,It is raining outside jf12-8.,beginner,advanced
They enjoys the movie jf56-13.,They enjoy the movie jf56-13.,beginner,advanced
Me and him goes there jf46-9.,He and I go there jf46-9.,beginner,advanced
They was happy yesterday jf10-2.,They were happy yesterday jf10-2.,beginner,advanced
She have went to Paris jf39-6.,She has gone to Paris jf39-6.,beginner,advanced
She have went to Paris jf28-6.,She has gone to Paris jf28-6.,beginner,advanced
Me and him goes there jf35-9.,He and I go there jf35-9.,beginner,advanced
He go to store jf26-0.,He goes to the store jf26-0.,beginner,advanced
I am agree with you jf39-14.,I agree with you jf39-14.,beginner,advanced
I has a dog jf3-3.,I have a dog jf3-3.,beginner,advanced
She have went to Paris jf54-6.,She has gone to Paris jf54-6.,beginner,advanced
She can sings well jf46-10.,She can sing well jf46-10.,beginner,advanced
I am agree with you jf46-14.,I agree with you jf46-14.,beginner,advanced
They was happy yesterday jf4-2.,They were happy yesterday jf4-2.,beginner,advanced
There is many books jf18-11.,There are many books jf18-11.,beginner,advanced
The childrens are playing jf20-7.,The children are playing jf20-7.,beginner,advanced
She have went to Paris jf51-6.,She has gone to Paris jf51-6.,beginner,advanced
He go to store jf44-0.,He goes to the store jf44-0.,beginner,advanced
There is many books jf9-11.,There are many books jf9-11.,beginner,advanced
She have went to Paris jf45-6.,She has gone to Paris jf45-6.,beginner,advanced
They was happy yesterday jf16-2.,They were happy yesterday jf16-2.,beginner,advanced
We was going home jf50-4.,We were going home jf50-4.,beginner,advanced
There is many books jf21-11.,There are many books jf21-11.,beginner,advanced
I has a dog jf57-3.,I have a dog jf57-3.,beginner,advanced
She dont like coffee jf49-1.,She doesn't like coffee jf49-1.,beginner,advanced
He dont knows the answer jf34-5.,He doesn't know the answer jf34-5.,beginner,advanced
She dont like coffee jf54-1.,She doesn't like coffee jf54-1.,beginner,advanced
He walk to school everyday jf3-12.,He walks to school every day jf3-12.,beginner,advanced
He walk to school everyday jf14-12.,He walks to school every day jf14-12.,beginner,advanced
I am agree with you jf15-14.,I agree with you jf15-14.,beginner,advanced
I am agree with you jf29-14.,I agree with you jf29-14.,beginner,advanced
She have went to Paris jf27-6.,She has gone to Paris jf27-6.,beginner,advanced
He go to store jf3-0.,He goes to the store jf3-0.,beginner,advanced
She can sings well jf16-10.,She can sing well jf16-10.,beginner,advanced
We was going home jf3-4.,We were going home jf3-4.,beginner,advanced
They enjoys the movie jf42-13.,They enjoy the movie jf42-13.,beginner,advanced
We was going home jf2-4.,We were going home jf2-4.,beginner,advanced
They enjoys the movie jf6-13.,They enjoy the movie jf6-13.,beginner,advanced
It are raining outside jf4-8.,It is raining outside jf4-8.,beginner,advanced
She dont like coffee jf14-1.,She doesn't like coffee jf14-1.,beginner,advanced
She have went to Paris jf16-6.,She has gone to Paris jf16-6.,beginner,advanced
She dont like coffee jf1-1.,She doesn't like coffee jf1-1.,beginner,advanced
Me and him goes there jf28-9.,He and I go there jf28-9.,beginner,advanced
It are raining outside jf39-8.,It is raining outside jf39-8.,beginner,advanced
There is many books jf58-11.,There are many books jf58-11.,beginner,advanced
They enjoys the movie jf12-13.,They enjoy the movie jf12-13.,beginner,advanced
He walk to school everyday jf18-12.,He walks to school every day jf18-12.,beginner,advanced
It are raining outside jf10-8.,It is raining outside jf10-8.,beginner,advanced
We was going home jf53-4.,We were going home jf53-4.,beginner,advanced
She have went to Paris jf31-6.,She has gone to Paris jf31-6.,beginner,advanced
They was happy yesterday jf43-2.,They were happy yesterday jf43-2.,beginner,advanced
She can sings well jf15-10.,She can sing well jf15-10.,beginner,advanced
I am agree with you jf53-14.,I agree with you jf53-14.,beginner,advanced
We was going home jf36-4.,We were going home jf36-4.,beginner,advanced
I am agree with you jf28-14.,I agree with you jf28-14.,beginner,advanced
They was happy yesterday jf37-2.,They were happy yesterday jf37-2.,beginner,advanced
Me and him goes there jf31-9.,He and I go there jf31-9.,beginner,advanced
They enjoys the movie jf48-13.,They enjoy the movie jf48-13.,beginner,advanced
It are raining outside jf1-8.,It is raining outside jf1-8.,beginner,advanced
He dont knows the answer jf40-5.,He doesn't know the answer jf40-5.,beginner,advanced
I has a dog jf15-3.,I have a dog jf15-3.,beginner,advanced
She can sings well jf8-10.,She can sing well jf8-10.,beginner,advanced
She dont like coffee jf36-1.,She doesn't like coffee jf36-1.,beginner,advanced
He walk to school everyday jf26-12.,He walks to school every day jf26-12.,beginner,advanced
We was going home jf43-4.,We were going home jf43-4.,beginner,advanced
They was happy yesterday jf12-2.,They were happy yesterday jf12-2.,beginner,advanced
He walk to school everyday jf44-12.,He walks to school every day jf44-12.,beginner,advanced
There is many books jf23-11.,There are many books jf23-11.,beginner,advanced
She dont like coffee jf59-1.,She doesn't like coffee jf59-1.,beginner,advanced
He walk to school everyday jf36-12.,He walks to school every day jf36-12.,beginner,advanced
The childrens are playing jf5-7.,The children are playing jf5-7.,beginner,advanced
Me and him goes there jf25-9.,He and I go there jf25-9.,beginner,advanced
There is many books jf25-11.,There are many books jf25-11.,beginner,advanced
Me and him goes there jf30-9.,He and I go there jf30-9.,beginner,advanced
She dont like coffee jf26-1.,She doesn't like coffee jf26-1.,beginner,advanced
It are raining outside jf25-8.,It is raining outside jf25-8.,beginner,advanced
She can sings well jf28-10.,She can sing well jf28-10.,beginner,advanced
I has a dog jf9-3.,I have a dog jf9-3.,beginner,advanced
We was going home jf12-4.,We were going home jf12-4.,beginner,advanced
They enjoys the movie jf27-13.,They enjoy the movie jf27-13.,beginner,advanced
It are raining outside jf19-8.,It is raining outside jf19-8.,beginner,advanced
They enjoys the movie jf58-13.,They enjoy the movie jf58-13.,beginner,advanced
I has a dog jf51-3.,I have a dog jf51-3.,beginner,advanced
She can sings well jf4-10.,She can sing well jf4-10.,beginner,advanced
She dont like coffee jf4-1.,She doesn't like coffee jf4-1.,beginner,advanced
I am agree with you jf36-14.,I agree with you jf36-14.,beginner,advanced
He dont knows the answer jf4-5.,He doesn't know the answer jf4-5.,beginner,advanced
The childrens are playing jf23-7.,The children are playing jf23-7.,beginner,advanced
They enjoys the movie jf28-13.,They enjoy the movie jf28-13.,beginner,advanced
She dont like coffee jf3-1.,She doesn't like coffee jf3-1.,beginner,advanced
I am agree with you jf4-14.,I agree with you jf4-14.,beginner,advanced
The childrens are playing jf39-7.,The children are playing jf39-7.,beginner,advanced
I has a dog jf43-3.,I have a dog jf43-3.,beginner,advanced
I has a dog jf0-3.,I have a dog jf0-3.,beginner,advanced
He dont knows the answer jf17-5.,He doesn't know the answer jf17-5.,beginner,advanced
He go to store jf27-0.,He goes to the store jf27-0.,beginner,advanced
The childrens are playing jf1-7.,The children are playing jf1-7.,beginner,advanced
He go to store jf21-0.,He goes to the store jf21-0.,beginner,advanced
It are raining outside jf31-8.,It is raining outside jf31-8.,beginner,advanced
They was happy yesterday jf38-2.,They were happy yesterday jf38-2.,beginner,advanced
I am agree with you jf3-14.,I agree with you jf3-14.,beginner,advanced
Me and him goes there jf42-9.,He and I go there jf42-9.,beginner,advanced
They was happy yesterday jf31-2.,They were happy yesterday jf31-2.,beginner,advanced
The childrens are playing jf43-7.,The children are playing jf43-7.,beginner,advanced
He go to store jf35-0.,He goes to the store jf35-0.,beginner,advanced
He go to store jf9-0.,He goes to the store jf9-0.,beginner,advanced
I am agree with you jf30-14.,I agree with you jf30-14.,beginner,advanced
There is many books jf3-11.,There are many books jf3-11.,beginner,advanced
She have went to Paris jf30-6.,She has gone to Paris jf30-6.,beginner,advanced
He walk to school everyday jf34-12.,He walks to school every day jf34-12.,beginner,advanced
I has a dog jf6-3.,I have a dog jf6-3.,beginner,advanced
He go to store jf56-0.,He goes to the store jf56-0.,beginner,advanced
He walk to school everyday jf59-12.,He walks to school every day jf59-12.,beginner,advanced
He go to store jf14-0.,He goes to the store jf14-0.,beginner,advanced
I am agree with you jf7-14.,I agree with you jf7-14.,beginner,advanced
I has a dog jf53-3.,I have a dog jf53-3.,beginner,advanced
The childrens are playing jf35-7.,The children are playing jf35-7.,beginner,advanced
It are raining outside jf46-8.,It is raining outside jf46-8.,beginner,advanced
