word,source,word_length
abolish,Oxford5000,7
abortion,Oxford5000,8
absence,Oxford5000,7
absent,Oxford5000,6
absorb,Oxford5000,6
abstract,Oxford5000,8
absurd,Oxford5000,6
abundance,Oxford5000,9
abuse,Oxford5000,5
academy,Oxford5000,7
accelerate,Oxford5000,10
accent,Oxford5000,6
acceptance,Oxford5000,10
accessible,Oxford5000,10
accidentally,Oxford5000,12
accommodate,Oxford5000,11
accomplish,Oxford5000,10
accomplishment,Oxford5000,14
accordance,Oxford5000,10
accordingly,Oxford5000,11
accountability,Oxford5000,14
accountable,Oxford5000,11
accountant,Oxford5000,10
accounting,Oxford5000,10
accumulate,Oxford5000,10
accumulation,Oxford5000,12
accuracy,Oxford5000,8
accurately,Oxford5000,10
accusation,Oxford5000,10
accused,Oxford5000,7
acid,Oxford5000,4
acquisition,Oxford5000,11
acre,Oxford5000,4
activate,Oxford5000,8
activation,Oxford5000,10
activist,Oxford5000,8
acute,Oxford5000,5
adaptation,Oxford5000,10
addiction,Oxford5000,9
additionally,Oxford5000,12
adequate,Oxford5000,8
adequately,Oxford5000,10
adhere,Oxford5000,6
adjacent,Oxford5000,8
adjust,Oxford5000,6
adjustment,Oxford5000,10
administer,Oxford5000,10
administrative,Oxford5000,14
administrator,Oxford5000,13
admission,Oxford5000,9
adolescent,Oxford5000,10
adoption,Oxford5000,8
adverse,Oxford5000,7
advocate,Oxford5000,8
aesthetic,Oxford5000,9
affection,Oxford5000,9
affordable,Oxford5000,10
aftermath,Oxford5000,9
aggression,Oxford5000,10
agricultural,Oxford5000,12
agriculture,Oxford5000,11
aide,Oxford5000,4
aids,Oxford5000,4
albeit,Oxford5000,6
alert,Oxford5000,5
alien,Oxford5000,5
align,Oxford5000,5
alignment,Oxford5000,9
alike,Oxford5000,5
allegation,Oxford5000,10
allege,Oxford5000,6
allegedly,Oxford5000,9
alliance,Oxford5000,8
allocate,Oxford5000,8
allocation,Oxford5000,10
allowance,Oxford5000,9
ally,Oxford5000,4
alongside,Oxford5000,9
altogether,Oxford5000,10
aluminium,Oxford5000,9
amateur,Oxford5000,7
ambassador,Oxford5000,10
ambulance,Oxford5000,9
amend,Oxford5000,5
amendment,Oxford5000,9
amid,Oxford5000,4
amusing,Oxford5000,7
analogy,Oxford5000,7
analyst,Oxford5000,7
ancestor,Oxford5000,8
anchor,Oxford5000,6
angel,Oxford5000,5
animation,Oxford5000,9
annually,Oxford5000,8
anonymous,Oxford5000,9
anticipate,Oxford5000,10
anxiety,Oxford5000,7
apology,Oxford5000,7
apparatus,Oxford5000,9
appealing,Oxford5000,9
appetite,Oxford5000,8
applaud,Oxford5000,7
applicable,Oxford5000,10
applicant,Oxford5000,9
appoint,Oxford5000,7
appreciation,Oxford5000,12
appropriately,Oxford5000,13
arbitrary,Oxford5000,9
architectural,Oxford5000,13
archive,Oxford5000,7
arena,Oxford5000,5
arguably,Oxford5000,8
arm,Oxford5000,3
array,Oxford5000,5
arrow,Oxford5000,5
articulate,Oxford5000,10
artwork,Oxford5000,7
ash,Oxford5000,3
aside,Oxford5000,5
aspiration,Oxford5000,10
aspire,Oxford5000,6
assassination,Oxford5000,13
assault,Oxford5000,7
assemble,Oxford5000,8
assembly,Oxford5000,8
assert,Oxford5000,6
assertion,Oxford5000,9
asset,Oxford5000,5
assign,Oxford5000,6
assistance,Oxford5000,10
assumption,Oxford5000,10
assurance,Oxford5000,9
assure,Oxford5000,6
astonishing,Oxford5000,11
asylum,Oxford5000,6
atrocity,Oxford5000,8
attachment,Oxford5000,10
attain,Oxford5000,6
attendance,Oxford5000,10
attorney,Oxford5000,8
attribute,Oxford5000,9
auction,Oxford5000,7
audio,Oxford5000,5
audit,Oxford5000,5
authentic,Oxford5000,9
authorize,Oxford5000,9
auto,Oxford5000,4
automatic,Oxford5000,9
automatically,Oxford5000,13
autonomy,Oxford5000,8
availability,Oxford5000,12
await,Oxford5000,5
awareness,Oxford5000,9
awkward,Oxford5000,7
backdrop,Oxford5000,8
backing,Oxford5000,7
backup,Oxford5000,6
badge,Oxford5000,5
bail,Oxford5000,4
balanced,Oxford5000,8
ballet,Oxford5000,6
balloon,Oxford5000,7
ballot,Oxford5000,6
banner,Oxford5000,6
bare,Oxford5000,4
barely,Oxford5000,6
bargain,Oxford5000,7
barrel,Oxford5000,6
basement,Oxford5000,8
basket,Oxford5000,6
bass,Oxford5000,4
bat,Oxford5000,3
battlefield,Oxford5000,11
bay,Oxford5000,3
beam,Oxford5000,4
beast,Oxford5000,5
behalf,Oxford5000,6
beloved,Oxford5000,7
bench,Oxford5000,5
benchmark,Oxford5000,9
beneath,Oxford5000,7
beneficial,Oxford5000,10
beneficiary,Oxford5000,11
beside,Oxford5000,6
besides,Oxford5000,7
betray,Oxford5000,6
bias,Oxford5000,4
bid,Oxford5000,3
bind,Oxford5000,4
biography,Oxford5000,9
biological,Oxford5000,10
bishop,Oxford5000,6
bizarre,Oxford5000,7
blade,Oxford5000,5
blanket,Oxford5000,7
blast,Oxford5000,5
bleed,Oxford5000,5
blend,Oxford5000,5
bless,Oxford5000,5
blessing,Oxford5000,8
blow,Oxford5000,4
boast,Oxford5000,5
bold,Oxford5000,4
bombing,Oxford5000,7
bonus,Oxford5000,5
booking,Oxford5000,7
boom,Oxford5000,4
boost,Oxford5000,5
bounce,Oxford5000,6
bound,Oxford5000,5
boundary,Oxford5000,8
bow,Oxford5000,3
breach,Oxford5000,6
breakdown,Oxford5000,9
breakthrough,Oxford5000,12
breed,Oxford5000,5
brick,Oxford5000,5
briefly,Oxford5000,7
broadband,Oxford5000,9
broadcaster,Oxford5000,11
broadly,Oxford5000,7
browser,Oxford5000,7
brutal,Oxford5000,6
buck,Oxford5000,4
buddy,Oxford5000,5
buffer,Oxford5000,6
bug,Oxford5000,3
bulk,Oxford5000,4
burden,Oxford5000,6
bureaucracy,Oxford5000,11
burial,Oxford5000,6
burst,Oxford5000,5
cabin,Oxford5000,5
cabinet,Oxford5000,7
calculation,Oxford5000,11
canal,Oxford5000,5
candle,Oxford5000,6
canvas,Oxford5000,6
capability,Oxford5000,10
capitalism,Oxford5000,10
capitalist,Oxford5000,10
carbon,Oxford5000,6
cargo,Oxford5000,5
carriage,Oxford5000,8
carve,Oxford5000,5
casino,Oxford5000,6
casual,Oxford5000,6
casualty,Oxford5000,8
catalogue,Oxford5000,9
cater,Oxford5000,5
cattle,Oxford5000,6
caution,Oxford5000,7
cautious,Oxford5000,8
cave,Oxford5000,4
cease,Oxford5000,5
cemetery,Oxford5000,8
certainty,Oxford5000,9
certificate,Oxford5000,11
challenging,Oxford5000,11
chamber,Oxford5000,7
championship,Oxford5000,12
chaos,Oxford5000,5
characterize,Oxford5000,12
charm,Oxford5000,5
charming,Oxford5000,8
charter,Oxford5000,7
chase,Oxford5000,5
cheek,Oxford5000,5
cheer,Oxford5000,5
choir,Oxford5000,5
chop,Oxford5000,4
chronic,Oxford5000,7
chunk,Oxford5000,5
circuit,Oxford5000,7
circulate,Oxford5000,9
circulation,Oxford5000,11
citizenship,Oxford5000,11
civic,Oxford5000,5
civilian,Oxford5000,8
civilization,Oxford5000,12
clarify,Oxford5000,7
clarity,Oxford5000,7
clash,Oxford5000,5
classification,Oxford5000,14
classify,Oxford5000,8
cleaning,Oxford5000,8
clerk,Oxford5000,5
cliff,Oxford5000,5
cling,Oxford5000,5
clinic,Oxford5000,6
clinical,Oxford5000,8
clip,Oxford5000,4
closure,Oxford5000,7
cluster,Oxford5000,7
coalition,Oxford5000,9
coastal,Oxford5000,7
cocktail,Oxford5000,8
cognitive,Oxford5000,9
coincide,Oxford5000,8
coincidence,Oxford5000,11
collaborate,Oxford5000,11
collaboration,Oxford5000,13
collective,Oxford5000,10
collector,Oxford5000,9
collision,Oxford5000,9
colonial,Oxford5000,8
colony,Oxford5000,6
colourful,Oxford5000,9
columnist,Oxford5000,9
combat,Oxford5000,6
comic,Oxford5000,5
commander,Oxford5000,9
commence,Oxford5000,8
commentary,Oxford5000,10
commentator,Oxford5000,11
commerce,Oxford5000,8
commissioner,Oxford5000,12
commodity,Oxford5000,9
communist,Oxford5000,9
companion,Oxford5000,9
comparable,Oxford5000,10
comparative,Oxford5000,11
compassion,Oxford5000,10
compel,Oxford5000,6
compelling,Oxford5000,10
compensate,Oxford5000,10
compensation,Oxford5000,12
competence,Oxford5000,10
competent,Oxford5000,9
compile,Oxford5000,7
complement,Oxford5000,10
completion,Oxford5000,10
complexity,Oxford5000,10
compliance,Oxford5000,10
complication,Oxford5000,12
comply,Oxford5000,6
compose,Oxford5000,7
composer,Oxford5000,8
composition,Oxford5000,11
compound,Oxford5000,8
comprehensive,Oxford5000,13
comprise,Oxford5000,8
compromise,Oxford5000,10
compulsory,Oxford5000,10
compute,Oxford5000,7
conceal,Oxford5000,7
concede,Oxford5000,7
conceive,Oxford5000,8
conception,Oxford5000,10
concession,Oxford5000,10
concrete,Oxford5000,8
condemn,Oxford5000,7
confer,Oxford5000,6
confess,Oxford5000,7
confession,Oxford5000,10
configuration,Oxford5000,13
confine,Oxford5000,7
confirmation,Oxford5000,12
confront,Oxford5000,8
confrontation,Oxford5000,13
confusion,Oxford5000,9
congratulate,Oxford5000,12
congregation,Oxford5000,12
congressional,Oxford5000,13
conquer,Oxford5000,7
conscience,Oxford5000,10
consciousness,Oxford5000,13
consecutive,Oxford5000,11
consensus,Oxford5000,9
consent,Oxford5000,7
consequently,Oxford5000,12
conservation,Oxford5000,12
conserve,Oxford5000,8
considerable,Oxford5000,12
considerably,Oxford5000,12
consistency,Oxford5000,11
consistently,Oxford5000,12
consolidate,Oxford5000,11
conspiracy,Oxford5000,10
constituency,Oxford5000,12
constitute,Oxford5000,10
constitution,Oxford5000,12
constitutional,Oxford5000,14
constraint,Oxford5000,10
consult,Oxford5000,7
consultant,Oxford5000,10
consultation,Oxford5000,12
consumption,Oxford5000,11
contemplate,Oxford5000,11
contempt,Oxford5000,8
contend,Oxford5000,7
contender,Oxford5000,9
content,Oxford5000,7
contention,Oxford5000,10
continually,Oxford5000,11
contractor,Oxford5000,10
contradiction,Oxford5000,13
contrary,Oxford5000,8
contributor,Oxford5000,11
controversial,Oxford5000,13
controversy,Oxford5000,11
convenience,Oxford5000,11
convention,Oxford5000,10
conventional,Oxford5000,12
conversion,Oxford5000,10
convey,Oxford5000,6
convict,Oxford5000,7
conviction,Oxford5000,10
convincing,Oxford5000,10
cooperate,Oxford5000,9
cooperative,Oxford5000,11
coordinate,Oxford5000,10
coordination,Oxford5000,12
coordinator,Oxford5000,11
cop,Oxford5000,3
cope,Oxford5000,4
copper,Oxford5000,6
copyright,Oxford5000,9
corporation,Oxford5000,11
correction,Oxford5000,10
correlate,Oxford5000,9
correlation,Oxford5000,11
correspond,Oxford5000,10
correspondence,Oxford5000,14
correspondent,Oxford5000,13
corresponding,Oxford5000,13
corridor,Oxford5000,8
corrupt,Oxford5000,7
corruption,Oxford5000,10
costly,Oxford5000,6
councillor,Oxford5000,10
counselling,Oxford5000,11
counsellor,Oxford5000,10
counter,Oxford5000,7
counterpart,Oxford5000,11
countless,Oxford5000,9
coup,Oxford5000,4
courtesy,Oxford5000,8
coverage,Oxford5000,8
crack,Oxford5000,5
craft,Oxford5000,5
crawl,Oxford5000,5
creativity,Oxford5000,10
creator,Oxford5000,7
credibility,Oxford5000,11
credible,Oxford5000,8
creep,Oxford5000,5
critically,Oxford5000,10
critique,Oxford5000,8
crown,Oxford5000,5
crude,Oxford5000,5
cruise,Oxford5000,6
crush,Oxford5000,5
crystal,Oxford5000,7
cue,Oxford5000,3
cult,Oxford5000,4
cultivate,Oxford5000,9
curiosity,Oxford5000,9
curious,Oxford5000,7
curriculum,Oxford5000,10
custody,Oxford5000,7
cute,Oxford5000,4
cutting,Oxford5000,7
cynical,Oxford5000,7
dairy,Oxford5000,5
dam,Oxford5000,3
damaging,Oxford5000,8
dare,Oxford5000,4
darkness,Oxford5000,8
database,Oxford5000,8
dawn,Oxford5000,4
deadline,Oxford5000,8
deadly,Oxford5000,6
dealer,Oxford5000,6
debris,Oxford5000,6
debut,Oxford5000,5
decision-making,Oxford5000,15
decisive,Oxford5000,8
deck,Oxford5000,4
declaration,Oxford5000,11
dedicated,Oxford5000,9
dedication,Oxford5000,10
deed,Oxford5000,4
deem,Oxford5000,4
default,Oxford5000,7
defect,Oxford5000,6
defender,Oxford5000,8
defensive,Oxford5000,9
deficiency,Oxford5000,10
deficit,Oxford5000,7
defy,Oxford5000,4
delegate,Oxford5000,8
delegation,Oxford5000,10
delete,Oxford5000,6
delicate,Oxford5000,8
democracy,Oxford5000,9
democratic,Oxford5000,10
demon,Oxford5000,5
demonstration,Oxford5000,13
denial,Oxford5000,6
denounce,Oxford5000,8
dense,Oxford5000,5
density,Oxford5000,7
depart,Oxford5000,6
dependence,Oxford5000,10
dependent,Oxford5000,9
depict,Oxford5000,6
deploy,Oxford5000,6
deployment,Oxford5000,10
deposit,Oxford5000,7
depression,Oxford5000,10
deprive,Oxford5000,7
deputy,Oxford5000,6
derive,Oxford5000,6
descend,Oxford5000,7
descent,Oxford5000,7
designate,Oxford5000,9
desirable,Oxford5000,9
desktop,Oxford5000,7
desperately,Oxford5000,11
destruction,Oxford5000,11
destructive,Oxford5000,11
detain,Oxford5000,6
detection,Oxford5000,9
detention,Oxford5000,9
deteriorate,Oxford5000,11
determination,Oxford5000,13
devastate,Oxford5000,9
devil,Oxford5000,5
devise,Oxford5000,6
devote,Oxford5000,6
diagnose,Oxford5000,8
diagnosis,Oxford5000,9
dictate,Oxford5000,7
dictator,Oxford5000,8
differ,Oxford5000,6
differentiate,Oxford5000,13
dignity,Oxford5000,7
dilemma,Oxford5000,7
dimension,Oxford5000,9
diminish,Oxford5000,8
dip,Oxford5000,3
diplomat,Oxford5000,8
diplomatic,Oxford5000,10
directory,Oxford5000,9
disability,Oxford5000,10
disabled,Oxford5000,8
disagreement,Oxford5000,12
disappoint,Oxford5000,10
disappointment,Oxford5000,14
disastrous,Oxford5000,10
discard,Oxford5000,7
discharge,Oxford5000,9
disclose,Oxford5000,8
disclosure,Oxford5000,10
discourage,Oxford5000,10
discourse,Oxford5000,9
discretion,Oxford5000,10
discrimination,Oxford5000,14
dismissal,Oxford5000,9
disorder,Oxford5000,8
displace,Oxford5000,8
disposal,Oxford5000,8
dispose,Oxford5000,7
dispute,Oxford5000,7
disrupt,Oxford5000,7
disruption,Oxford5000,10
dissolve,Oxford5000,8
distant,Oxford5000,7
distinct,Oxford5000,8
distinction,Oxford5000,11
distinctive,Oxford5000,11
distinguish,Oxford5000,11
distort,Oxford5000,7
distract,Oxford5000,8
distress,Oxford5000,8
disturb,Oxford5000,7
disturbing,Oxford5000,10
dive,Oxford5000,4
diverse,Oxford5000,7
diversity,Oxford5000,9
divert,Oxford5000,6
divine,Oxford5000,6
divorce,Oxford5000,7
doctrine,Oxford5000,8
documentation,Oxford5000,13
domain,Oxford5000,6
dominance,Oxford5000,9
dominant,Oxford5000,8
donation,Oxford5000,8
donor,Oxford5000,5
dose,Oxford5000,4
dot,Oxford5000,3
downtown,Oxford5000,8
drain,Oxford5000,5
dramatically,Oxford5000,12
drift,Oxford5000,5
driving,Oxford5000,7
drought,Oxford5000,7
drown,Oxford5000,5
dual,Oxford5000,4
dub,Oxford5000,3
dull,Oxford5000,4
dumb,Oxford5000,4
dump,Oxford5000,4
duo,Oxford5000,3
duration,Oxford5000,8
dynamic,Oxford5000,7
eager,Oxford5000,5
earnings,Oxford5000,8
ease,Oxford5000,4
echo,Oxford5000,4
ecological,Oxford5000,10
economics,Oxford5000,9
economist,Oxford5000,9
editorial,Oxford5000,9
educator,Oxford5000,8
effectiveness,Oxford5000,13
efficiency,Oxford5000,10
efficiently,Oxford5000,11
ego,Oxford5000,3
elaborate,Oxford5000,9
elbow,Oxford5000,5
electoral,Oxford5000,9
electronics,Oxford5000,11
elegant,Oxford5000,7
elementary,Oxford5000,10
elevate,Oxford5000,7
eligible,Oxford5000,8
eliminate,Oxford5000,9
elite,Oxford5000,5
embark,Oxford5000,6
embarrassment,Oxford5000,13
embassy,Oxford5000,7
embed,Oxford5000,5
embody,Oxford5000,6
embrace,Oxford5000,7
emergence,Oxford5000,9
emission,Oxford5000,8
emotionally,Oxford5000,11
empire,Oxford5000,6
empirical,Oxford5000,9
empower,Oxford5000,7
enact,Oxford5000,5
encompass,Oxford5000,9
encouragement,Oxford5000,13
encouraging,Oxford5000,11
endeavour,Oxford5000,9
endless,Oxford5000,7
endorse,Oxford5000,7
endorsement,Oxford5000,11
endure,Oxford5000,6
enforce,Oxford5000,7
enforcement,Oxford5000,11
engagement,Oxford5000,10
engaging,Oxford5000,8
enjoyable,Oxford5000,9
enquire,Oxford5000,7
enrich,Oxford5000,6
enrol,Oxford5000,5
ensue,Oxford5000,5
enterprise,Oxford5000,10
entertaining,Oxford5000,12
enthusiast,Oxford5000,10
entitle,Oxford5000,7
entity,Oxford5000,6
entrepreneur,Oxford5000,12
envelope,Oxford5000,8
epidemic,Oxford5000,8
equality,Oxford5000,8
equation,Oxford5000,8
equip,Oxford5000,5
equivalent,Oxford5000,10
era,Oxford5000,3
erect,Oxford5000,5
erupt,Oxford5000,5
escalate,Oxford5000,8
essence,Oxford5000,7
essentially,Oxford5000,11
establishment,Oxford5000,13
eternal,Oxford5000,7
ethic,Oxford5000,5
ethnic,Oxford5000,6
evacuate,Oxford5000,8
evaluation,Oxford5000,10
evident,Oxford5000,7
evoke,Oxford5000,5
evolution,Oxford5000,9
evolutionary,Oxford5000,12
evolve,Oxford5000,6
exaggerate,Oxford5000,10
exceed,Oxford5000,6
excellence,Oxford5000,10
exception,Oxford5000,9
exceptional,Oxford5000,11
excess,Oxford5000,6
excessive,Oxford5000,9
exclude,Oxford5000,7
exclusion,Oxford5000,9
exclusive,Oxford5000,9
exclusively,Oxford5000,11
execute,Oxford5000,7
execution,Oxford5000,9
exert,Oxford5000,5
exhibit,Oxford5000,7
exile,Oxford5000,5
exit,Oxford5000,4
exotic,Oxford5000,6
expansion,Oxford5000,9
expenditure,Oxford5000,11
experimental,Oxford5000,12
expertise,Oxford5000,9
expire,Oxford5000,6
explicit,Oxford5000,8
explicitly,Oxford5000,10
exploit,Oxford5000,7
exploitation,Oxford5000,12
explosive,Oxford5000,9
exposure,Oxford5000,8
extension,Oxford5000,9
extensive,Oxford5000,9
extensively,Oxford5000,11
extract,Oxford5000,7
extremist,Oxford5000,9
fabric,Oxford5000,6
fabulous,Oxford5000,8
facilitate,Oxford5000,10
faction,Oxford5000,7
faculty,Oxford5000,7
fade,Oxford5000,4
failed,Oxford5000,6
fairness,Oxford5000,8
fake,Oxford5000,4
fame,Oxford5000,4
fantasy,Oxford5000,7
fare,Oxford5000,4
fatal,Oxford5000,5
fate,Oxford5000,4
favourable,Oxford5000,10
feat,Oxford5000,4
federal,Oxford5000,7
feeding,Oxford5000,7
feminist,Oxford5000,8
fever,Oxford5000,5
fibre,Oxford5000,5
fierce,Oxford5000,6
film-maker,Oxford5000,10
filter,Oxford5000,6
fine,Oxford5000,4
firearm,Oxford5000,7
firefighter,Oxford5000,11
firework,Oxford5000,8
firm,Oxford5000,4
firmly,Oxford5000,6
fit,Oxford5000,3
fixture,Oxford5000,7
flavour,Oxford5000,7
flaw,Oxford5000,4
flawed,Oxford5000,6
flee,Oxford5000,4
fleet,Oxford5000,5
flesh,Oxford5000,5
flexibility,Oxford5000,11
flourish,Oxford5000,8
fluid,Oxford5000,5
fond,Oxford5000,4
fool,Oxford5000,4
footage,Oxford5000,7
forbid,Oxford5000,6
forecast,Oxford5000,8
foreigner,Oxford5000,9
forge,Oxford5000,5
format,Oxford5000,6
formation,Oxford5000,9
formerly,Oxford5000,8
formula,Oxford5000,7
formulate,Oxford5000,9
forth,Oxford5000,5
forthcoming,Oxford5000,11
fortunate,Oxford5000,9
forum,Oxford5000,5
fossil,Oxford5000,6
foster,Oxford5000,6
foundation,Oxford5000,10
founder,Oxford5000,7
fraction,Oxford5000,8
fragile,Oxford5000,7
fragment,Oxford5000,8
framework,Oxford5000,9
franchise,Oxford5000,9
frankly,Oxford5000,7
fraud,Oxford5000,5
freely,Oxford5000,6
frequent,Oxford5000,8
frustrated,Oxford5000,10
frustrating,Oxford5000,11
frustration,Oxford5000,11
fulfil,Oxford5000,6
full-time,Oxford5000,9
functional,Oxford5000,10
fundamentally,Oxford5000,13
fundraising,Oxford5000,11
funeral,Oxford5000,7
furious,Oxford5000,7
gallon,Oxford5000,6
gambling,Oxford5000,8
gaming,Oxford5000,6
gathering,Oxford5000,9
gay,Oxford5000,3
gaze,Oxford5000,4
gear,Oxford5000,4
gender,Oxford5000,6
gene,Oxford5000,4
generic,Oxford5000,7
genetic,Oxford5000,7
genius,Oxford5000,6
genocide,Oxford5000,8
genuine,Oxford5000,7
genuinely,Oxford5000,9
gesture,Oxford5000,7
gig,Oxford5000,3
glance,Oxford5000,6
glimpse,Oxford5000,7
globalization,Oxford5000,13
globe,Oxford5000,5
glorious,Oxford5000,8
glory,Oxford5000,5
golden,Oxford5000,6
goodness,Oxford5000,8
gorgeous,Oxford5000,8
governance,Oxford5000,10
governor,Oxford5000,8
grace,Oxford5000,5
graphic,Oxford5000,7
graphics,Oxford5000,8
grasp,Oxford5000,5
grave,Oxford5000,5
gravity,Oxford5000,7
greatly,Oxford5000,7
greenhouse,Oxford5000,10
grid,Oxford5000,4
grief,Oxford5000,5
grin,Oxford5000,4
grind,Oxford5000,5
grip,Oxford5000,4
grocery,Oxford5000,7
guerrilla,Oxford5000,9
guidance,Oxford5000,8
guideline,Oxford5000,9
guilt,Oxford5000,5
gut,Oxford5000,3
habitat,Oxford5000,7
hail,Oxford5000,4
halfway,Oxford5000,7
halt,Oxford5000,4
handful,Oxford5000,7
handling,Oxford5000,8
handy,Oxford5000,5
harassment,Oxford5000,10
harbour,Oxford5000,7
hardware,Oxford5000,8
harmony,Oxford5000,7
harsh,Oxford5000,5
harvest,Oxford5000,7
hatred,Oxford5000,6
haunt,Oxford5000,5
hazard,Oxford5000,6
headquarters,Oxford5000,12
heal,Oxford5000,4
healthcare,Oxford5000,10
heighten,Oxford5000,8
helmet,Oxford5000,6
hence,Oxford5000,5
herb,Oxford5000,4
heritage,Oxford5000,8
hidden,Oxford5000,6
hierarchy,Oxford5000,9
high-profile,Oxford5000,12
highway,Oxford5000,7
hilarious,Oxford5000,9
hint,Oxford5000,4
hip,Oxford5000,3
historian,Oxford5000,9
homeland,Oxford5000,8
homeless,Oxford5000,8
honesty,Oxford5000,7
hook,Oxford5000,4
hopeful,Oxford5000,7
hopefully,Oxford5000,9
horizon,Oxford5000,7
horn,Oxford5000,4
hostage,Oxford5000,7
hostile,Oxford5000,7
hostility,Oxford5000,9
humanitarian,Oxford5000,12
humanity,Oxford5000,8
humble,Oxford5000,6
hunger,Oxford5000,6
hydrogen,Oxford5000,8
hypothesis,Oxford5000,10
icon,Oxford5000,4
identical,Oxford5000,9
identification,Oxford5000,14
ideological,Oxford5000,11
ideology,Oxford5000,8
idiot,Oxford5000,5
ignorance,Oxford5000,9
illusion,Oxford5000,8
imagery,Oxford5000,7
immense,Oxford5000,7
immigration,Oxford5000,11
imminent,Oxford5000,8
immune,Oxford5000,6
implement,Oxford5000,9
implementation,Oxford5000,14
implication,Oxford5000,11
imprison,Oxford5000,8
imprisonment,Oxford5000,12
inability,Oxford5000,9
inadequate,Oxford5000,10
inappropriate,Oxford5000,13
incentive,Oxford5000,9
incidence,Oxford5000,9
inclined,Oxford5000,8
inclusion,Oxford5000,9
incorporate,Oxford5000,11
incorrect,Oxford5000,9
incur,Oxford5000,5
independence,Oxford5000,12
index,Oxford5000,5
indication,Oxford5000,10
indicator,Oxford5000,9
indictment,Oxford5000,10
indigenous,Oxford5000,10
induce,Oxford5000,6
indulge,Oxford5000,7
inequality,Oxford5000,10
inevitable,Oxford5000,10
infamous,Oxford5000,8
infant,Oxford5000,6
infect,Oxford5000,6
infer,Oxford5000,5
inflation,Oxford5000,9
inflict,Oxford5000,7
influential,Oxford5000,11
info,Oxford5000,4
infrastructure,Oxford5000,14
inhabitant,Oxford5000,10
inherent,Oxford5000,8
inherit,Oxford5000,7
inhibit,Oxford5000,7
initiate,Oxford5000,8
inject,Oxford5000,6
injection,Oxford5000,9
injustice,Oxford5000,9
ink,Oxford5000,3
inmate,Oxford5000,6
innovation,Oxford5000,10
innovative,Oxford5000,10
input,Oxford5000,5
insert,Oxford5000,6
insertion,Oxford5000,9
insider,Oxford5000,7
inspect,Oxford5000,7
inspection,Oxford5000,10
inspector,Oxford5000,9
inspiration,Oxford5000,11
installation,Oxford5000,12
instant,Oxford5000,7
instantly,Oxford5000,9
instinct,Oxford5000,8
institutional,Oxford5000,13
instruct,Oxford5000,8
instrumental,Oxford5000,12
insufficient,Oxford5000,12
insult,Oxford5000,6
intact,Oxford5000,6
intake,Oxford5000,6
integral,Oxford5000,8
integrate,Oxford5000,9
integrated,Oxford5000,10
integration,Oxford5000,11
integrity,Oxford5000,9
intellectual,Oxford5000,12
intensify,Oxford5000,9
intensity,Oxford5000,9
intensive,Oxford5000,9
intent,Oxford5000,6
interact,Oxford5000,8
interaction,Oxford5000,11
interactive,Oxford5000,11
interface,Oxford5000,9
interfere,Oxford5000,9
interference,Oxford5000,12
interim,Oxford5000,7
interior,Oxford5000,8
intermediate,Oxford5000,12
interpretation,Oxford5000,14
interval,Oxford5000,8
intervene,Oxford5000,9
intervention,Oxford5000,12
intimate,Oxford5000,8
intriguing,Oxford5000,10
invade,Oxford5000,6
invasion,Oxford5000,8
investigator,Oxford5000,12
investor,Oxford5000,8
invisible,Oxford5000,9
invoke,Oxford5000,6
involvement,Oxford5000,11
ironic,Oxford5000,6
ironically,Oxford5000,10
irony,Oxford5000,5
irrelevant,Oxford5000,10
isolate,Oxford5000,7
isolated,Oxford5000,8
isolation,Oxford5000,9
jail,Oxford5000,4
jet,Oxford5000,3
joint,Oxford5000,5
journalism,Oxford5000,10
judicial,Oxford5000,8
junction,Oxford5000,8
jurisdiction,Oxford5000,12
jury,Oxford5000,4
just,Oxford5000,4
justification,Oxford5000,13
kidnap,Oxford5000,6
kidney,Oxford5000,6
kingdom,Oxford5000,7
kit,Oxford5000,3
lad,Oxford5000,3
ladder,Oxford5000,6
landing,Oxford5000,7
landlord,Oxford5000,8
landmark,Oxford5000,8
lane,Oxford5000,4
lap,Oxford5000,3
large-scale,Oxford5000,11
laser,Oxford5000,5
lately,Oxford5000,6
latter,Oxford5000,6
lawn,Oxford5000,4
lawsuit,Oxford5000,7
layout,Oxford5000,6
leaflet,Oxford5000,7
leak,Oxford5000,4
leap,Oxford5000,4
legacy,Oxford5000,6
legend,Oxford5000,6
legendary,Oxford5000,9
legislation,Oxford5000,11
legislative,Oxford5000,11
legislature,Oxford5000,11
legitimate,Oxford5000,10
lengthy,Oxford5000,7
lens,Oxford5000,4
lesbian,Oxford5000,7
lesser,Oxford5000,6
lethal,Oxford5000,6
liable,Oxford5000,6
liberal,Oxford5000,7
liberation,Oxford5000,10
liberty,Oxford5000,7
license,Oxford5000,7
lifelong,Oxford5000,8
lifetime,Oxford5000,8
lighting,Oxford5000,8
likelihood,Oxford5000,10
likewise,Oxford5000,8
limb,Oxford5000,4
limitation,Oxford5000,10
line-up,Oxford5000,7
linear,Oxford5000,6
linger,Oxford5000,6
listing,Oxford5000,7
literacy,Oxford5000,8
literally,Oxford5000,9
literary,Oxford5000,8
litre,Oxford5000,5
litter,Oxford5000,6
liver,Oxford5000,5
lobby,Oxford5000,5
log,Oxford5000,3
logic,Oxford5000,5
logo,Oxford5000,4
long-standing,Oxford5000,13
long-time,Oxford5000,9
loom,Oxford5000,4
loop,Oxford5000,4
lottery,Oxford5000,7
loyal,Oxford5000,5
loyalty,Oxford5000,7
lyric,Oxford5000,5
machinery,Oxford5000,9
magical,Oxford5000,7
magistrate,Oxford5000,10
magnetic,Oxford5000,8
magnificent,Oxford5000,11
magnitude,Oxford5000,9
mainland,Oxford5000,8
mainstream,Oxford5000,10
maintenance,Oxford5000,11
major,Oxford5000,5
make-up,Oxford5000,7
making,Oxford5000,6
mandate,Oxford5000,7
mandatory,Oxford5000,9
manifest,Oxford5000,8
manipulate,Oxford5000,10
manipulation,Oxford5000,12
manufacture,Oxford5000,11
manufacturing,Oxford5000,13
manuscript,Oxford5000,10
marathon,Oxford5000,8
march,Oxford5000,5
margin,Oxford5000,6
marginal,Oxford5000,8
marine,Oxford5000,6
marker,Oxford5000,6
marketplace,Oxford5000,11
martial,Oxford5000,7
mask,Oxford5000,4
massacre,Oxford5000,8
mate,Oxford5000,4
mathematical,Oxford5000,12
mature,Oxford5000,6
maximize,Oxford5000,8
mayor,Oxford5000,5
meaningful,Oxford5000,10
meantime,Oxford5000,8
mechanic,Oxford5000,8
mechanical,Oxford5000,10
mechanism,Oxford5000,9
medal,Oxford5000,5
medication,Oxford5000,10
medieval,Oxford5000,8
meditation,Oxford5000,10
melody,Oxford5000,6
membership,Oxford5000,10
memo,Oxford5000,4
memoir,Oxford5000,6
memorable,Oxford5000,9
memorial,Oxford5000,8
mentor,Oxford5000,6
merchant,Oxford5000,8
mercy,Oxford5000,5
mere,Oxford5000,4
merely,Oxford5000,6
merge,Oxford5000,5
merger,Oxford5000,6
merit,Oxford5000,5
metaphor,Oxford5000,8
methodology,Oxford5000,11
midst,Oxford5000,5
migration,Oxford5000,9
militant,Oxford5000,8
militia,Oxford5000,7
mill,Oxford5000,4
miner,Oxford5000,5
minimal,Oxford5000,7
minimize,Oxford5000,8
mining,Oxford5000,6
ministry,Oxford5000,8
minute,Oxford5000,6
miracle,Oxford5000,7
miserable,Oxford5000,9
misery,Oxford5000,6
misleading,Oxford5000,10
missile,Oxford5000,7
mob,Oxford5000,3
mobility,Oxford5000,8
mobilize,Oxford5000,8
mode,Oxford5000,4
moderate,Oxford5000,8
modest,Oxford5000,6
modification,Oxford5000,12
momentum,Oxford5000,8
monk,Oxford5000,4
monopoly,Oxford5000,8
monster,Oxford5000,7
monthly,Oxford5000,7
monument,Oxford5000,8
morality,Oxford5000,8
moreover,Oxford5000,8
mortgage,Oxford5000,8
mosque,Oxford5000,6
motion,Oxford5000,6
motivate,Oxford5000,8
motivation,Oxford5000,10
motive,Oxford5000,6
motorist,Oxford5000,8
moving,Oxford5000,6
municipal,Oxford5000,9
mutual,Oxford5000,6
myth,Oxford5000,4
naked,Oxford5000,5
namely,Oxford5000,6
nasty,Oxford5000,5
nationwide,Oxford5000,10
naval,Oxford5000,5
navigation,Oxford5000,10
nearby,Oxford5000,6
necessity,Oxford5000,9
neglect,Oxford5000,7
negotiate,Oxford5000,9
negotiation,Oxford5000,11
neighbouring,Oxford5000,12
nest,Oxford5000,4
net,Oxford5000,3
neutral,Oxford5000,7
newly,Oxford5000,5
newsletter,Oxford5000,10
niche,Oxford5000,5
noble,Oxford5000,5
nod,Oxford5000,3
nominate,Oxford5000,8
nomination,Oxford5000,10
nominee,Oxford5000,7
non-profit,Oxford5000,10
nonetheless,Oxford5000,11
nonsense,Oxford5000,8
noon,Oxford5000,4
norm,Oxford5000,4
notable,Oxford5000,7
notably,Oxford5000,7
notebook,Oxford5000,8
notify,Oxford5000,6
notorious,Oxford5000,9
novel,Oxford5000,5
novelist,Oxford5000,8
nowadays,Oxford5000,8
nursery,Oxford5000,7
nursing,Oxford5000,7
nutrition,Oxford5000,9
obesity,Oxford5000,7
objection,Oxford5000,9
oblige,Oxford5000,6
observer,Oxford5000,8
obsess,Oxford5000,6
obsession,Oxford5000,9
obstacle,Oxford5000,8
occasional,Oxford5000,10
occupation,Oxford5000,10
occupy,Oxford5000,6
occurrence,Oxford5000,10
odds,Oxford5000,4
offender,Oxford5000,8
offering,Oxford5000,8
offspring,Oxford5000,9
ongoing,Oxford5000,7
openly,Oxford5000,6
opera,Oxford5000,5
operational,Oxford5000,11
operator,Oxford5000,8
opt,Oxford5000,3
optical,Oxford5000,7
optimism,Oxford5000,8
optimistic,Oxford5000,10
oral,Oxford5000,4
orchestra,Oxford5000,9
organic,Oxford5000,7
organizational,Oxford5000,14
orientation,Oxford5000,11
originate,Oxford5000,9
outbreak,Oxford5000,8
outfit,Oxford5000,6
outing,Oxford5000,6
outlet,Oxford5000,6
outlook,Oxford5000,7
output,Oxford5000,6
outrage,Oxford5000,7
outsider,Oxford5000,8
outstanding,Oxford5000,11
overcome,Oxford5000,8
overlook,Oxford5000,8
overly,Oxford5000,6
overnight,Oxford5000,9
overseas,Oxford5000,8
oversee,Oxford5000,7
overturn,Oxford5000,8
overwhelm,Oxford5000,9
overwhelming,Oxford5000,12
ownership,Oxford5000,9
oxygen,Oxford5000,6
packet,Oxford5000,6
pad,Oxford5000,3
palm,Oxford5000,4
panic,Oxford5000,5
parade,Oxford5000,6
parallel,Oxford5000,8
parameter,Oxford5000,9
parental,Oxford5000,8
parish,Oxford5000,6
parliamentary,Oxford5000,13
part-time,Oxford5000,9
partial,Oxford5000,7
partially,Oxford5000,9
participation,Oxford5000,13
partnership,Oxford5000,11
passing,Oxford5000,7
passionate,Oxford5000,10
passive,Oxford5000,7
password,Oxford5000,8
pastor,Oxford5000,6
patch,Oxford5000,5
patent,Oxford5000,6
pathway,Oxford5000,7
patience,Oxford5000,8
patrol,Oxford5000,6
patron,Oxford5000,6
pause,Oxford5000,5
peak,Oxford5000,4
peasant,Oxford5000,7
peculiar,Oxford5000,8
peer,Oxford5000,4
penalty,Oxford5000,7
perceive,Oxford5000,8
perception,Oxford5000,10
permanently,Oxford5000,11
persist,Oxford5000,7
persistent,Oxford5000,10
personnel,Oxford5000,9
petition,Oxford5000,8
philosopher,Oxford5000,11
philosophical,Oxford5000,13
physician,Oxford5000,9
pill,Oxford5000,4
pioneer,Oxford5000,7
pipeline,Oxford5000,8
pirate,Oxford5000,6
pit,Oxford5000,3
pity,Oxford5000,4
placement,Oxford5000,9
plea,Oxford5000,4
plead,Oxford5000,5
pledge,Oxford5000,6
plug,Oxford5000,4
plunge,Oxford5000,6
pole,Oxford5000,4
poll,Oxford5000,4
pond,Oxford5000,4
pop,Oxford5000,3
portfolio,Oxford5000,9
portion,Oxford5000,7
portray,Oxford5000,7
post-war,Oxford5000,8
postpone,Oxford5000,8
potentially,Oxford5000,11
practitioner,Oxford5000,12
preach,Oxford5000,6
precede,Oxford5000,7
precedent,Oxford5000,9
precious,Oxford5000,8
precise,Oxford5000,7
precisely,Oxford5000,9
precision,Oxford5000,9
predator,Oxford5000,8
predecessor,Oxford5000,11
predictable,Oxford5000,11
predominantly,Oxford5000,13
preference,Oxford5000,10
pregnancy,Oxford5000,9
prejudice,Oxford5000,9
preliminary,Oxford5000,11
premier,Oxford5000,7
premise,Oxford5000,7
premium,Oxford5000,7
prescribe,Oxford5000,9
prescription,Oxford5000,12
presently,Oxford5000,9
preservation,Oxford5000,12
preside,Oxford5000,7
presidency,Oxford5000,10
presidential,Oxford5000,12
prestigious,Oxford5000,11
presumably,Oxford5000,10
presume,Oxford5000,7
prevail,Oxford5000,7
prevalence,Oxford5000,10
prevention,Oxford5000,10
prey,Oxford5000,4
pride,Oxford5000,5
primarily,Oxford5000,9
principal,Oxford5000,9
prior,Oxford5000,5
privatization,Oxford5000,13
privilege,Oxford5000,9
probability,Oxford5000,11
probable,Oxford5000,8
probe,Oxford5000,5
problematic,Oxford5000,11
proceed,Oxford5000,7
proceeding,Oxford5000,10
proceeds,Oxford5000,8
processing,Oxford5000,10
processor,Oxford5000,9
proclaim,Oxford5000,8
productive,Oxford5000,10
productivity,Oxford5000,12
profitable,Oxford5000,10
profound,Oxford5000,8
programming,Oxford5000,11
progressive,Oxford5000,11
prohibit,Oxford5000,8
projection,Oxford5000,10
prominent,Oxford5000,9
promising,Oxford5000,9
promotion,Oxford5000,9
prompt,Oxford5000,6
pronounced,Oxford5000,10
propaganda,Oxford5000,10
proportion,Oxford5000,10
proposition,Oxford5000,11
prosecute,Oxford5000,9
prosecution,Oxford5000,11
prosecutor,Oxford5000,10
prospective,Oxford5000,11
prosperity,Oxford5000,10
protective,Oxford5000,10
protein,Oxford5000,7
protester,Oxford5000,9
protocol,Oxford5000,8
province,Oxford5000,8
provincial,Oxford5000,10
provision,Oxford5000,9
provoke,Oxford5000,7
psychiatric,Oxford5000,11
psychological,Oxford5000,13
publicity,Oxford5000,9
publishing,Oxford5000,10
pulse,Oxford5000,5
pump,Oxford5000,4
punch,Oxford5000,5
punk,Oxford5000,4
purely,Oxford5000,6
pursuit,Oxford5000,7
puzzle,Oxford5000,6
query,Oxford5000,5
quest,Oxford5000,5
questionnaire,Oxford5000,13
quota,Oxford5000,5
racial,Oxford5000,6
racism,Oxford5000,6
racist,Oxford5000,6
radar,Oxford5000,5
radiation,Oxford5000,9
radical,Oxford5000,7
rage,Oxford5000,4
raid,Oxford5000,4
rail,Oxford5000,4
rally,Oxford5000,5
random,Oxford5000,6
ranking,Oxford5000,7
rape,Oxford5000,4
rat,Oxford5000,3
rating,Oxford5000,6
ratio,Oxford5000,5
rational,Oxford5000,8
ray,Oxford5000,3
readily,Oxford5000,7
realization,Oxford5000,11
realm,Oxford5000,5
rear,Oxford5000,4
reasonably,Oxford5000,10
reasoning,Oxford5000,9
reassure,Oxford5000,8
rebel,Oxford5000,5
rebellion,Oxford5000,9
rebuild,Oxford5000,7
receiver,Oxford5000,8
recession,Oxford5000,9
recipient,Oxford5000,9
reckon,Oxford5000,6
recognition,Oxford5000,11
reconstruction,Oxford5000,14
recount,Oxford5000,7
recovery,Oxford5000,8
recruit,Oxford5000,7
recruitment,Oxford5000,11
referee,Oxford5000,7
referendum,Oxford5000,10
reflection,Oxford5000,10
reform,Oxford5000,6
refuge,Oxford5000,6
refugee,Oxford5000,7
refusal,Oxford5000,7
regain,Oxford5000,6
regardless,Oxford5000,10
regime,Oxford5000,6
registration,Oxford5000,12
regulate,Oxford5000,8
regulator,Oxford5000,9
regulatory,Oxford5000,10
rehabilitation,Oxford5000,14
reign,Oxford5000,5
reinforce,Oxford5000,9
rejection,Oxford5000,9
relevance,Oxford5000,9
reliability,Oxford5000,11
relieve,Oxford5000,7
relieved,Oxford5000,8
reluctant,Oxford5000,9
remainder,Oxford5000,9
remains,Oxford5000,7
remarkable,Oxford5000,10
remarkably,Oxford5000,10
remedy,Oxford5000,6
reminder,Oxford5000,8
removal,Oxford5000,7
render,Oxford5000,6
renew,Oxford5000,5
renowned,Oxford5000,8
rental,Oxford5000,6
replacement,Oxford5000,11
reportedly,Oxford5000,10
reporting,Oxford5000,9
representation,Oxford5000,14
reproduce,Oxford5000,9
reproduction,Oxford5000,12
republic,Oxford5000,8
resemble,Oxford5000,8
reside,Oxford5000,6
residence,Oxford5000,9
residential,Oxford5000,11
residue,Oxford5000,7
resign,Oxford5000,6
resignation,Oxford5000,11
resistance,Oxford5000,10
resolution,Oxford5000,10
respective,Oxford5000,10
respectively,Oxford5000,12
restoration,Oxford5000,11
restore,Oxford5000,7
restraint,Oxford5000,9
restrict,Oxford5000,8
restriction,Oxford5000,11
resume,Oxford5000,6
retail,Oxford5000,6
retirement,Oxford5000,10
retreat,Oxford5000,7
retrieve,Oxford5000,8
revelation,Oxford5000,10
revenge,Oxford5000,7
revenue,Oxford5000,7
reverse,Oxford5000,7
revision,Oxford5000,8
revival,Oxford5000,7
revive,Oxford5000,6
revolutionary,Oxford5000,13
rhetoric,Oxford5000,8
ridiculous,Oxford5000,10
rifle,Oxford5000,5
riot,Oxford5000,4
rip,Oxford5000,3
risky,Oxford5000,5
ritual,Oxford5000,6
rival,Oxford5000,5
rob,Oxford5000,3
robbery,Oxford5000,7
robust,Oxford5000,6
rock,Oxford5000,4
rocket,Oxford5000,6
rod,Oxford5000,3
romance,Oxford5000,7
rose,Oxford5000,4
rotate,Oxford5000,6
rotation,Oxford5000,8
roughly,Oxford5000,7
ruin,Oxford5000,4
ruling,Oxford5000,6
rumour,Oxford5000,6
sack,Oxford5000,4
sacred,Oxford5000,6
sacrifice,Oxford5000,9
saint,Oxford5000,5
sake,Oxford5000,4
sanction,Oxford5000,8
satisfaction,Oxford5000,12
say,Oxford5000,3
scandal,Oxford5000,7
scare,Oxford5000,5
scattered,Oxford5000,9
scenario,Oxford5000,8
sceptical,Oxford5000,9
scholar,Oxford5000,7
scholarship,Oxford5000,11
scope,Oxford5000,5
scratch,Oxford5000,7
screening,Oxford5000,9
screw,Oxford5000,5
scrutiny,Oxford5000,8
seal,Oxford5000,4
secular,Oxford5000,7
seeker,Oxford5000,6
seemingly,Oxford5000,9
segment,Oxford5000,7
seize,Oxford5000,5
seldom,Oxford5000,6
selective,Oxford5000,9
seminar,Oxford5000,7
senator,Oxford5000,7
sensation,Oxford5000,9
sensitivity,Oxford5000,11
sentiment,Oxford5000,9
separation,Oxford5000,10
serial,Oxford5000,6
set-up,Oxford5000,6
settlement,Oxford5000,10
settler,Oxford5000,7
severely,Oxford5000,8
sexuality,Oxford5000,9
sexy,Oxford5000,4
shaped,Oxford5000,6
shareholder,Oxford5000,11
shatter,Oxford5000,7
shed,Oxford5000,4
sheer,Oxford5000,5
shipping,Oxford5000,8
shocking,Oxford5000,8
shoot,Oxford5000,5
shore,Oxford5000,5
short-term,Oxford5000,10
shortage,Oxford5000,8
shortly,Oxford5000,7
shrink,Oxford5000,6
shrug,Oxford5000,5
sibling,Oxford5000,7
sigh,Oxford5000,4
signature,Oxford5000,9
significance,Oxford5000,12
simulate,Oxford5000,8
simulation,Oxford5000,10
simultaneously,Oxford5000,14
sin,Oxford5000,3
situated,Oxford5000,8
sketch,Oxford5000,6
skilled,Oxford5000,7
skip,Oxford5000,4
skull,Oxford5000,5
slam,Oxford5000,4
slap,Oxford5000,4
slash,Oxford5000,5
slavery,Oxford5000,7
slogan,Oxford5000,6
slot,Oxford5000,4
smash,Oxford5000,5
snap,Oxford5000,4
so-called,Oxford5000,9
soak,Oxford5000,4
soar,Oxford5000,4
socialist,Oxford5000,9
sole,Oxford5000,4
solely,Oxford5000,6
solicitor,Oxford5000,9
solidarity,Oxford5000,10
solo,Oxford5000,4
somehow,Oxford5000,7
sometime,Oxford5000,8
sophisticated,Oxford5000,13
sound,Oxford5000,5
sovereignty,Oxford5000,11
spam,Oxford5000,4
span,Oxford5000,4
spare,Oxford5000,5
spark,Oxford5000,5
specialize,Oxford5000,10
specialized,Oxford5000,11
specification,Oxford5000,13
specify,Oxford5000,7
specimen,Oxford5000,8
spectacle,Oxford5000,9
spectacular,Oxford5000,11
spectator,Oxford5000,9
spectrum,Oxford5000,8
speculate,Oxford5000,9
speculation,Oxford5000,11
spell,Oxford5000,5
sphere,Oxford5000,6
spill,Oxford5000,5
spin,Oxford5000,4
spine,Oxford5000,5
spite,Oxford5000,5
spoil,Oxford5000,5
spokesman,Oxford5000,9
spokesperson,Oxford5000,12
spokeswoman,Oxford5000,11
sponsorship,Oxford5000,11
sporting,Oxford5000,8
spotlight,Oxford5000,9
spouse,Oxford5000,6
spy,Oxford5000,3
squad,Oxford5000,5
squeeze,Oxford5000,7
stab,Oxford5000,4
stability,Oxford5000,9
stabilize,Oxford5000,9
stake,Oxford5000,5
stall,Oxford5000,5
stance,Oxford5000,6
standing,Oxford5000,8
stark,Oxford5000,5
starve,Oxford5000,6
statistical,Oxford5000,11
steadily,Oxford5000,8
steam,Oxford5000,5
steer,Oxford5000,5
stem,Oxford5000,4
stereotype,Oxford5000,10
stimulate,Oxford5000,9
stimulus,Oxford5000,8
stir,Oxford5000,4
storage,Oxford5000,7
straightforward,Oxford5000,15
strain,Oxford5000,6
strand,Oxford5000,6
strategic,Oxford5000,9
strengthen,Oxford5000,10
strictly,Oxford5000,8
striking,Oxford5000,8
strip,Oxford5000,5
strive,Oxford5000,6
stroke,Oxford5000,6
structural,Oxford5000,10
stumble,Oxford5000,7
stun,Oxford5000,4
stunning,Oxford5000,8
submission,Oxford5000,10
subscriber,Oxford5000,10
subscription,Oxford5000,12
subsequent,Oxford5000,10
subsequently,Oxford5000,12
subsidy,Oxford5000,7
substantial,Oxford5000,11
substantially,Oxford5000,13
substitute,Oxford5000,10
substitution,Oxford5000,12
subtle,Oxford5000,6
suburb,Oxford5000,6
suburban,Oxford5000,8
succession,Oxford5000,10
successive,Oxford5000,10
successor,Oxford5000,9
suck,Oxford5000,4
sue,Oxford5000,3
suffering,Oxford5000,9
sufficient,Oxford5000,10
sufficiently,Oxford5000,12
suicide,Oxford5000,7
suite,Oxford5000,5
summit,Oxford5000,6
super,Oxford5000,5
superb,Oxford5000,6
superior,Oxford5000,8
supervise,Oxford5000,9
supervision,Oxford5000,11
supervisor,Oxford5000,10
supplement,Oxford5000,10
supportive,Oxford5000,10
supposedly,Oxford5000,10
suppress,Oxford5000,8
supreme,Oxford5000,7
surge,Oxford5000,5
surgeon,Oxford5000,7
surgical,Oxford5000,8
surplus,Oxford5000,7
surrender,Oxford5000,9
surveillance,Oxford5000,12
survival,Oxford5000,8
survivor,Oxford5000,8
suspend,Oxford5000,7
suspension,Oxford5000,10
suspicion,Oxford5000,9
suspicious,Oxford5000,10
sustain,Oxford5000,7
sustainable,Oxford5000,11
swallow,Oxford5000,7
swing,Oxford5000,5
sword,Oxford5000,5
symbolic,Oxford5000,8
sympathetic,Oxford5000,11
syndrome,Oxford5000,8
synthesis,Oxford5000,9
systematic,Oxford5000,10
tackle,Oxford5000,6
tactic,Oxford5000,6
tactical,Oxford5000,8
tag,Oxford5000,3
tap,Oxford5000,3
taxpayer,Oxford5000,8
technological,Oxford5000,13
teens,Oxford5000,5
temple,Oxford5000,6
temporarily,Oxford5000,11
tempt,Oxford5000,5
tenant,Oxford5000,6
tendency,Oxford5000,8
tender,Oxford5000,6
tension,Oxford5000,7
tenure,Oxford5000,6
terminal,Oxford5000,8
terminate,Oxford5000,9
terms,Oxford5000,5
terrain,Oxford5000,7
terribly,Oxford5000,8
terrific,Oxford5000,8
terrify,Oxford5000,7
territory,Oxford5000,9
terror,Oxford5000,6
terrorism,Oxford5000,9
terrorist,Oxford5000,9
testify,Oxford5000,7
testimony,Oxford5000,9
testing,Oxford5000,7
textbook,Oxford5000,8
texture,Oxford5000,7
thankfully,Oxford5000,10
theatrical,Oxford5000,10
theft,Oxford5000,5
theology,Oxford5000,8
theoretical,Oxford5000,11
therapist,Oxford5000,9
thereafter,Oxford5000,10
thereby,Oxford5000,7
thesis,Oxford5000,6
thorough,Oxford5000,8
thoroughly,Oxford5000,10
thought-provoking,Oxford5000,17
thoughtful,Oxford5000,10
thread,Oxford5000,6
threshold,Oxford5000,9
thrilled,Oxford5000,8
thrive,Oxford5000,6
thumb,Oxford5000,5
tide,Oxford5000,4
tighten,Oxford5000,7
timber,Oxford5000,6
timely,Oxford5000,6
timing,Oxford5000,6
tissue,Oxford5000,6
tobacco,Oxford5000,7
tolerance,Oxford5000,9
tolerate,Oxford5000,8
toll,Oxford5000,4
ton,Oxford5000,3
tonne,Oxford5000,5
top,Oxford5000,3
torture,Oxford5000,7
toss,Oxford5000,4
total,Oxford5000,5
tournament,Oxford5000,10
toxic,Oxford5000,5
trace,Oxford5000,5
trademark,Oxford5000,9
trading,Oxford5000,7
tragedy,Oxford5000,7
tragic,Oxford5000,6
trail,Oxford5000,5
trailer,Oxford5000,7
trait,Oxford5000,5
transaction,Oxford5000,11
transcript,Oxford5000,10
transformation,Oxford5000,14
transit,Oxford5000,7
transmission,Oxford5000,12
transmit,Oxford5000,8
transparency,Oxford5000,12
transparent,Oxford5000,11
transportation,Oxford5000,14
trap,Oxford5000,4
trauma,Oxford5000,6
treasure,Oxford5000,8
treaty,Oxford5000,6
tremendous,Oxford5000,10
tribal,Oxford5000,6
tribe,Oxford5000,5
tribunal,Oxford5000,8
tribute,Oxford5000,7
trigger,Oxford5000,7
trillion,Oxford5000,8
trio,Oxford5000,4
triumph,Oxford5000,7
troop,Oxford5000,5
trophy,Oxford5000,6
troubled,Oxford5000,8
trustee,Oxford5000,7
tsunami,Oxford5000,7
tuition,Oxford5000,7
turnout,Oxford5000,7
turnover,Oxford5000,8
twist,Oxford5000,5
ultimate,Oxford5000,8
unacceptable,Oxford5000,12
uncertainty,Oxford5000,11
undergo,Oxford5000,7
undergraduate,Oxford5000,13
underlying,Oxford5000,10
undermine,Oxford5000,9
undertake,Oxford5000,9
undoubtedly,Oxford5000,11
unfold,Oxford5000,6
unfortunate,Oxford5000,11
unify,Oxford5000,5
unite,Oxford5000,5
unity,Oxford5000,5
universal,Oxford5000,9
unprecedented,Oxford5000,13
unveil,Oxford5000,6
upcoming,Oxford5000,8
upgrade,Oxford5000,7
uphold,Oxford5000,6
urgent,Oxford5000,6
usage,Oxford5000,5
useless,Oxford5000,7
utility,Oxford5000,7
utilize,Oxford5000,7
utterly,Oxford5000,7
vacuum,Oxford5000,6
vague,Oxford5000,5
valid,Oxford5000,5
validity,Oxford5000,8
vanish,Oxford5000,6
variable,Oxford5000,8
variation,Oxford5000,9
varied,Oxford5000,6
vein,Oxford5000,4
venture,Oxford5000,7
verbal,Oxford5000,6
verdict,Oxford5000,7
verify,Oxford5000,6
verse,Oxford5000,5
versus,Oxford5000,6
vertical,Oxford5000,8
vessel,Oxford5000,6
veteran,Oxford5000,7
viable,Oxford5000,6
vibrant,Oxford5000,7
vice,Oxford5000,4
vicious,Oxford5000,7
viewpoint,Oxford5000,9
villager,Oxford5000,8
violate,Oxford5000,7
violation,Oxford5000,9
virtue,Oxford5000,6
visa,Oxford5000,4
visible,Oxford5000,7
vocal,Oxford5000,5
voluntary,Oxford5000,9
voting,Oxford5000,6
vow,Oxford5000,3
vulnerability,Oxford5000,13
vulnerable,Oxford5000,10
wander,Oxford5000,6
ward,Oxford5000,4
warehouse,Oxford5000,9
warfare,Oxford5000,7
warming,Oxford5000,7
warrant,Oxford5000,7
warrior,Oxford5000,7
weaken,Oxford5000,6
weave,Oxford5000,5
weed,Oxford5000,4
weekly,Oxford5000,6
weird,Oxford5000,5
welfare,Oxford5000,7
well,Oxford5000,4
well-being,Oxford5000,10
whatsoever,Oxford5000,10
wheat,Oxford5000,5
whereby,Oxford5000,7
whilst,Oxford5000,6
whip,Oxford5000,4
whoever,Oxford5000,7
wholly,Oxford5000,6
widen,Oxford5000,5
widespread,Oxford5000,10
widow,Oxford5000,5
width,Oxford5000,5
willingness,Oxford5000,11
wipe,Oxford5000,4
wisdom,Oxford5000,6
wit,Oxford5000,3
withdraw,Oxford5000,8
withdrawal,Oxford5000,10
workforce,Oxford5000,9
workout,Oxford5000,7
workplace,Oxford5000,9
workshop,Oxford5000,8
worm,Oxford5000,4
worship,Oxford5000,7
worthwhile,Oxford5000,10
worthy,Oxford5000,6
wrist,Oxford5000,5
yell,Oxford5000,4
yield,Oxford5000,5
youngster,Oxford5000,9
